Location,Time,Loc_Time,TotalMigrants,GDP,NetMigrations
Afghanistan,1990,Afghanistan1990,57686,1,-666.001
Afghanistan,1995,Afghanistan1995,71522,1,71.824
Afghanistan,2000,Afghanistan2000,75917,1,-1007.135
Afghanistan,2005,Afghanistan2005,87314,242.0313132,252.185
Afghanistan,2010,Afghanistan2010,102276,543.3065262,-141.355
Afghanistan,2015,Afghanistan2015,339432,556.0072209,-281.739
Afghanistan,2020,Afghanistan2020,144098,516.7478708,166.821
Albania,1990,Albania1990,66013,617.2304355,-52.723
Albania,1995,Albania1995,71354,750.6044492,-65.106
Albania,2000,Albania2000,76695,1126.68334,-63.61
Albania,2005,Albania2005,64739,2673.786584,-50.855
Albania,2010,Albania2010,52784,4094.348386,-29.33
Albania,2015,Albania2015,52031,3952.802538,-12.24
Albania,2020,Albania2020,48810,5332.160475,-9.117
Algeria,1990,Algeria1990,273954,2408.822985,-21.641
Algeria,1995,Algeria1995,262032,1452.278434,-28.581
Algeria,2000,Algeria2000,250110,1765.027146,-18.994
Algeria,2005,Algeria2005,197728,3113.094883,-111.256
Algeria,2010,Algeria2010,217268,4480.786318,-33.071
Algeria,2015,Algeria2015,239473,4177.889542,-36.371
Algeria,2020,Algeria2020,250378,3306.858208,-18.797
American Samoa,1990,American Samoa1990,21283,1,-0.251
American Samoa,1995,American Samoa1995,23098,1,-0.419
American Samoa,2000,American Samoa2000,24912,1,-1.158
American Samoa,2005,American Samoa2005,24233,8395.31877,-1.697
American Samoa,2010,American Samoa2010,23555,10216.81763,-1.475
American Samoa,2015,American Samoa2015,23513,12059.63516,-1.629
American Samoa,2020,American Samoa2020,23608,12844.90099,-1.636
Andorra,1990,Andorra1990,38891,18878.85231,1.589
Andorra,1995,Andorra1995,44206,18458.17399,1.588
Andorra,2000,Andorra2000,42147,21854.2468,0.146
Andorra,2005,Andorra2005,50298,40064.22493,2.467
Andorra,2010,Andorra2010,52053,40849.76128,-2.864
Andorra,2015,Andorra2015,42264,35770.91865,-0.232
Andorra,2020,Andorra2020,45574,37416.69772,1.474
Angola,1990,Angola1990,33517,947.7042621,47.663
Angola,1995,Angola1995,39813,397.1794793,40.855
Angola,2000,Angola2000,46108,556.8361822,53.527
Angola,2005,Angola2005,62331,1902.42215,64.009
Angola,2010,Angola2010,336367,3497.974488,90.016
Angola,2015,Angola2015,632178,3127.890598,74.17
Angola,2020,Angola2020,656434,1631.431691,7.557
Anguilla,1990,Anguilla1990,2570,1,0
Anguilla,1995,Anguilla1995,3317,1,0
Anguilla,2000,Anguilla2000,4063,1,0
Anguilla,2005,Anguilla2005,4684,1,0
Anguilla,2010,Anguilla2010,5103,1,0
Anguilla,2015,Anguilla2015,5471,1,0
Anguilla,2020,Anguilla2020,5715,1,0
Antigua and Barbuda,1990,Antigua and Barbuda1990,12029,7347.646369,-1.145
Antigua and Barbuda,1995,Antigua and Barbuda1995,17550,8406.358945,0.528
Antigua and Barbuda,2000,Antigua and Barbuda2000,23071,10872.29295,0.271
Antigua and Barbuda,2005,Antigua and Barbuda2005,24741,12557.54785,0.202
Antigua and Barbuda,2010,Antigua and Barbuda2010,26412,13048.96058,0.295
Antigua and Barbuda,2015,Antigua and Barbuda2015,28082,14285.32978,0.06
Antigua and Barbuda,2020,Antigua and Barbuda2020,29386,13992.74448,0.0
Argentina,1990,Argentina1990,1649919,4333.483372,6.021
Argentina,1995,Argentina1995,1595069,7408.708664,-19.736
Argentina,2000,Argentina2000,1540219,7708.099115,-22.77
Argentina,2005,Argentina2005,1674163,5109.852245,-21.961
Argentina,2010,Argentina2010,1805957,10385.96443,-4.97
Argentina,2015,Argentina2015,2086301,13789.06042,5.522
Argentina,2020,Argentina2020,2281728,8585.694742,2.344
Armenia,1990,Armenia1990,658789,637.8559212,2.119
Armenia,1995,Armenia1995,693999,456.3749333,-50.217
Armenia,2000,Armenia2000,657900,622.7409229,-51.873
Armenia,2005,Armenia2005,469189,1643.756889,-31.023
Armenia,2010,Armenia2010,211147,3218.378299,-31.991
Armenia,2015,Armenia2015,191199,3607.289299,-27.283
Armenia,2020,Armenia2020,190349,4266.018074,-12.825
Aruba,1990,Aruba1990,14444,12305.38791,0.879
Aruba,1995,Aruba1995,22274,16441.79064,1.598
Aruba,2000,Aruba2000,30104,20614.79935,1.235
Aruba,2005,Aruba2005,32540,23591.15984,0.579
Aruba,2010,Aruba2010,34328,24134.47386,0.498
Aruba,2015,Aruba2015,36114,28399.05013,0.177
Aruba,2020,Aruba2020,53593,23384.29879,0.0
Australia,1990,Australia1990,3955213,18243.47142,95.996
Australia,1995,Australia1995,4153330,20358.33336,79.727
Australia,2000,Australia2000,4386250,21697.70848,109.375
Australia,2005,Australia2005,4878030,34080.9999,132.109
Australia,2010,Australia2010,5882980,52087.97229,166.833
Australia,2015,Australia2015,6729730,56707.02208,209.466
Australia,2020,Australia2020,7685860,51680.31652,117.929
Austria,1990,Austria1990,793239,21680.98962,59.606
Austria,1995,Austria1995,894893,30325.84958,1.447
Austria,2000,Austria2000,996547,24625.60072,17.531
Austria,2005,Austria2005,1127164,38417.45779,50.282
Austria,2010,Austria2010,1274901,46903.76159,22.786
Austria,2015,Austria2015,1483123,44195.81759,115.125
Austria,2020,Austria2020,1738183,48588.65938,20.314
Azerbaijan,1990,Azerbaijan1990,360600,1234.530889,-28.017
Azerbaijan,1995,Azerbaijan1995,344070,314.5612263,-37.975
Azerbaijan,2000,Azerbaijan2000,327540,655.1199452,15.938
Azerbaijan,2005,Azerbaijan2005,301834,1578.40239,16.436
Azerbaijan,2010,Azerbaijan2010,276901,5843.533768,1.384
Azerbaijan,2015,Azerbaijan2015,264359,5500.310382,1.084
Azerbaijan,2020,Azerbaijan2020,252228,4229.910649,1.084
Bahamas,1990,Bahamas1990,26855,12356.231,0.241
Bahamas,1995,Bahamas1995,31654,12238.60461,0.463
Bahamas,2000,Bahamas2000,36454,27098.15632,0.843
Bahamas,2005,Bahamas2005,45531,30279.39221,0.8
Bahamas,2010,Bahamas2010,54745,28443.88848,1.899
Bahamas,2015,Bahamas2015,59241,31699.35863,1.001
Bahamas,2020,Bahamas2020,63583,24665.09683,0.0
Bahrain,1990,Bahrain1990,173212,8529.052127,4.605
Bahrain,1995,Bahrain1995,205979,10376.9533,7.706
Bahrain,2000,Bahrain2000,239361,13636.41675,6.264
Bahrain,2005,Bahrain2005,404018,17959.39683,53.401
Bahrain,2010,Bahrain2010,666406,20722.07049,-17.076
Bahrain,2015,Bahrain2015,722487,22634.08565,29.25
Bahrain,2020,Bahrain2020,936094,20406.50233,-48.716
Bangladesh,1990,Bangladesh1990,881617,306.2687008,-200.144
Bangladesh,1995,Bangladesh1995,934735,329.4240761,-374.788
Bangladesh,2000,Bangladesh2000,987853,418.0689421,-424.718
Bangladesh,2005,Bangladesh2005,1062270,499.4619402,-715.97
Bangladesh,2010,Bangladesh2010,1345546,781.1535777,-462.265
Bangladesh,2015,Bangladesh2015,1422179,1248.45331,-286.512
Bangladesh,2020,Bangladesh2020,2115408,2270.347535,-61.154
Barbados,1990,Barbados1990,24024,7711.295456,-1.295
Barbados,1995,Barbados1995,26224,8335.899293,-0.752
Barbados,2000,Barbados2000,28424,11268.42006,-0.833
Barbados,2005,Barbados2005,30624,13822.74175,-0.172
Barbados,2010,Barbados2010,32825,16056.11685,-0.036
Barbados,2015,Barbados2015,34475,16558.86478,-0.065
Barbados,2020,Barbados2020,34869,16318.74811,0.0
Belarus,1990,Belarus1990,1248977,2124.767944,4.246
Belarus,1995,Belarus1995,1186282,1370.699283,3.91
Belarus,2000,Belarus2000,1123586,1276.288034,-10.419
Belarus,2005,Belarus2005,1106982,3125.810535,-11.902
Belarus,2010,Belarus2010,1090378,6033.686239,4.892
Belarus,2015,Belarus2015,1082905,5967.052204,13.681
Belarus,2020,Belarus2020,1067090,6555.426818,13.589
Belgium,1990,Belgium1990,1280583,20600.37528,6.752
Belgium,1995,Belgium1995,1288003,28413.82644,16.528
Belgium,2000,Belgium2000,1268368,23098.88651,32.262
Belgium,2005,Belgium2005,1248733,36809.70134,46.28
Belgium,2010,Belgium2010,1503806,44184.94635,54.611
Belgium,2015,Belgium2015,1783488,41008.29672,57.008
Belgium,2020,Belgium2020,2005479,45189.3669,53.428
Belize,1990,Belize1990,30404,2197.161593,-1.793
Belize,1995,Belize1995,33446,2997.760458,0.273
Belize,2000,Belize2000,36488,3364.491731,1.678
Belize,2005,Belize2005,41438,3916.355378,2.397
Belize,2010,Belize2010,46390,4304.111108,1.644
Belize,2015,Belize2015,54615,4805.196852,1.363
Belize,2020,Belize2020,62043,3987.796596,0.0
Benin,1990,Benin1990,76751,393.686768,-0.337
Benin,1995,Benin1995,105703,367.3877143,-45.474
Benin,2000,Benin2000,134655,512.673902,3.337
Benin,2005,Benin2005,248320,822.7851431,30.492
Benin,2010,Benin2010,309225,1036.534515,3.947
Benin,2015,Benin2015,366284,1076.796698,3.366
Benin,2020,Benin2020,394276,1291.040972,1.732
Bermuda,1990,Bermuda1990,15683,26841.51974,-0.096
Bermuda,1995,Bermuda1995,16676,33989.72316,-0.072
Bermuda,2000,Bermuda2000,17684,56284.16865,-0.067
Bermuda,2005,Bermuda2005,18108,75882.03386,-0.08
Bermuda,2010,Bermuda2010,18547,101875.2841,-0.216
Bermuda,2015,Bermuda2015,19212,102005.6256,-0.315
Bermuda,2020,Bermuda2020,19739,107706.0398,0.291
Bhutan,1990,Bhutan1990,23807,541.9322571,-0.996
Bhutan,1995,Bhutan1995,27972,543.3016187,-1.497
Bhutan,2000,Bhutan2000,32137,718.196337,6.069
Bhutan,2005,Bhutan2005,40279,1228.432356,1.779
Bhutan,2010,Bhutan2010,48420,2258.186435,-1.19
Bhutan,2015,Bhutan2015,51106,2752.630172,-1.171
Bhutan,2020,Bhutan2020,53612,3000.777986,0.291
Bolivia,1990,Bolivia1990,73758,709.0599791,-21.915
Bolivia,1995,Bolivia1995,83598,880.9926836,-23.615
Bolivia,2000,Bolivia2000,92658,997.5817508,-17.675
Bolivia,2005,Bolivia2005,107745,1034.311806,-14.657
Bolivia,2010,Bolivia2010,122846,1955.460181,-12.592
Bolivia,2015,Bolivia2015,143008,3035.971655,-10.525
Bolivia,2020,Bolivia2020,164121,3137.989617,-4.666
"Bonaire, Sint Eustatius and Saba",1990,"Bonaire, Sint Eustatius and Saba1990",13010,1,0
"Bonaire, Sint Eustatius and Saba",1995,"Bonaire, Sint Eustatius and Saba1995",15101,1,0
"Bonaire, Sint Eustatius and Saba",2000,"Bonaire, Sint Eustatius and Saba2000",14387,1,0
"Bonaire, Sint Eustatius and Saba",2005,"Bonaire, Sint Eustatius and Saba2005",14399,1,0
"Bonaire, Sint Eustatius and Saba",2010,"Bonaire, Sint Eustatius and Saba2010",20941,1,0
"Bonaire, Sint Eustatius and Saba",2015,"Bonaire, Sint Eustatius and Saba2015",24571,1,0
"Bonaire, Sint Eustatius and Saba",2020,"Bonaire, Sint Eustatius and Saba2020",26221,1,0
Bosnia and Herzegovina,1990,Bosnia and Herzegovina1990,56000,1,-22.827
Bosnia and Herzegovina,1995,Bosnia and Herzegovina1995,69476,487.4769045,126.915
Bosnia and Herzegovina,2000,Bosnia and Herzegovina2000,82952,1484.176057,8.141
Bosnia and Herzegovina,2005,Bosnia and Herzegovina2005,47287,2980.601267,-37.107
Bosnia and Herzegovina,2010,Bosnia and Herzegovina2010,38945,4635.5102,-67.267
Bosnia and Herzegovina,2015,Bosnia and Herzegovina2015,38597,4729.690054,-33.976
Bosnia and Herzegovina,2020,Bosnia and Herzegovina2020,36042,6082.36673,-26.857
Botswana,1990,Botswana1990,27510,2945.83204,4.144
Botswana,1995,Botswana1995,40168,3219.914242,7.808
Botswana,2000,Botswana2000,74934,3522.310821,7.97
Botswana,2005,Botswana2005,84661,5513.331063,4.771
Botswana,2010,Botswana2010,94863,6434.812485,3.562
Botswana,2015,Botswana2015,103053,6402.910183,2.145
Botswana,2020,Botswana2020,110268,6348.832318,1.816
Brazil,1990,Brazil1990,798517,2622.262881,6.457
Brazil,1995,Brazil1995,741557,4748.388208,-26.337
Brazil,2000,Brazil2000,684596,3749.910848,-1.761
Brazil,2005,Brazil2005,638582,4790.456566,-42.926
Brazil,2010,Brazil2010,592640,11286.07154,16.843
Brazil,2015,Brazil2015,710304,8813.989806,4.764
Brazil,2020,Brazil2020,1079708,6814.875632,56.88
British Virgin Islands,1990,British Virgin Islands1990,8035,1,0.381
British Virgin Islands,1995,British Virgin Islands1995,10046,1,0.253
British Virgin Islands,2000,British Virgin Islands2000,12958,1,0.326
British Virgin Islands,2005,British Virgin Islands2005,15016,1,0.658
British Virgin Islands,2010,British Virgin Islands2010,17076,1,0.0
British Virgin Islands,2015,British Virgin Islands2015,19535,1,0.302
British Virgin Islands,2020,British Virgin Islands2020,22164,1,0.272
Brunei Darussalam,1990,Brunei Darussalam1990,73200,13607.89027,1.67
Brunei Darussalam,1995,Brunei Darussalam1995,84748,15933.45283,1.356
Brunei Darussalam,2000,Brunei Darussalam2000,96296,18012.50219,1.66
Brunei Darussalam,2005,Brunei Darussalam2005,98441,26105.42203,1.163
Brunei Darussalam,2010,Brunei Darussalam2010,100587,35270.64214,0.468
Brunei Darussalam,2015,Brunei Darussalam2015,102733,31164.03625,-0.485
Brunei Darussalam,2020,Brunei Darussalam2020,111959,27442.95383,-0.395
Bulgaria,1990,Bulgaria1990,21510,2366.529821,-29.479
Bulgaria,1995,Bulgaria1995,32435,2258.286018,-22.495
Bulgaria,2000,Bulgaria2000,43360,1621.242961,-11.295
Bulgaria,2005,Bulgaria2005,61074,3899.907638,-3.832
Bulgaria,2010,Bulgaria2010,76287,6853.002854,-8.686
Bulgaria,2015,Bulgaria2015,123803,7074.681023,-15.356
Bulgaria,2020,Bulgaria2020,184363,10079.20338,-9.902
Burkina Faso,1990,Burkina Faso1990,349652,351.9792335,-33.043
Burkina Faso,1995,Burkina Faso1995,464104,235.8321506,-39.033
Burkina Faso,2000,Burkina Faso2000,520363,255.7186873,3.88
Burkina Faso,2005,Burkina Faso2005,597658,457.9334308,9.794
Burkina Faso,2010,Burkina Faso2010,674438,647.8360955,-42.128
Burkina Faso,2015,Burkina Faso2015,704676,653.3272681,-19.754
Burkina Faso,2020,Burkina Faso2020,723989,857.9327297,-5.665
Burundi,1990,Burundi1990,333110,208.1466789,-39.996
Burundi,1995,Burundi1995,254853,167.0988878,-84.698
Burundi,2000,Burundi2000,125628,136.4639708,-40.114
Burundi,2005,Burundi2005,192774,151.6815663,17.913
Burundi,2010,Burundi2010,247321,234.2355389,11.847
Burundi,2015,Burundi2015,298299,305.5111441,-236.447
Burundi,2020,Burundi2020,344767,233.8375103,-10.186
Cabo Verde,1990,Cabo Verde1990,8931,908.0881284,-3.499
Cabo Verde,1995,Cabo Verde1995,9979,1261.103098,-1.068
Cabo Verde,2000,Cabo Verde2000,11027,1259.353067,-2.722
Cabo Verde,2005,Cabo Verde2005,12700,2099.148417,-3.673
Cabo Verde,2010,Cabo Verde2010,14373,3378.323433,-1.914
Cabo Verde,2015,Cabo Verde2015,14924,3043.031382,-1.474
Cabo Verde,2020,Cabo Verde2020,15788,3064.272388,-1.274
Cambodia,1990,Cambodia1990,38375,1,56.166
Cambodia,1995,Cambodia1995,92230,322.9315754,-8.706
Cambodia,2000,Cambodia2000,146085,300.613679,-4.248
Cambodia,2005,Cambodia2005,114096,474.1111921,-11.435
Cambodia,2010,Cambodia2010,82028,785.5026671,-43.068
Cambodia,2015,Cambodia2015,73962,1162.904995,-52.272
Cambodia,2020,Cambodia2020,79341,1547.511388,-22.308
Cameroon,1990,Cameroon1990,265967,1045.364362,-8.163
Cameroon,1995,Cameroon1995,244791,798.8813102,-12.66
Cameroon,2000,Cameroon2000,227242,681.102043,-21.221
Cameroon,2005,Cameroon2005,265503,1100.174926,-27.782
Cameroon,2010,Cameroon2010,291474,1352.302275,-9.362
Cameroon,2015,Cameroon2015,508346,1382.50979,42.007
Cameroon,2020,Cameroon2020,579209,1537.130218,-9.889
Canada,1990,Canada1990,4333318,21448.36196,145.27
Canada,1995,Canada1995,4864778,20613.78788,137.472
Canada,2000,Canada2000,5511914,24271.00206,201.617
Canada,2005,Canada2005,6078985,36382.50792,204.71
Canada,2010,Canada2010,6761226,47562.08343,227.724
Canada,2015,Canada2015,7428657,43596.13554,232.738
Canada,2020,Canada2020,8049323,43258.26387,195.181
Cayman Islands,1990,Cayman Islands1990,9315,1,1.01
Cayman Islands,1995,Cayman Islands1995,12666,1,1.099
Cayman Islands,2000,Cayman Islands2000,19176,1,1.02
Cayman Islands,2005,Cayman Islands2005,20679,1,0.985
Cayman Islands,2010,Cayman Islands2010,24062,73351.75776,0.895
Cayman Islands,2015,Cayman Islands2015,26193,76284.1943,1.079
Cayman Islands,2020,Cayman Islands2020,29242,85346.76195,0.766
Central African Republic,1990,Central African Republic1990,67234,513.3041877,2.0
Central African Republic,1995,Central African Republic1995,99712,346.1081962,-12.995
Central African Republic,2000,Central African Republic2000,123529,251.832764,8.082
Central African Republic,2005,Central African Republic2005,96409,331.2948211,-13.609
Central African Republic,2010,Central African Republic2010,94685,488.4217358,-43.189
Central African Republic,2015,Central African Republic2015,81568,377.4229177,-63.213
Central African Republic,2020,Central African Republic2020,88546,481.7462966,-24.803
Chad,1990,Chad1990,74342,291.5533573,-58.912
Chad,1995,Chad1995,89584,206.2606526,152.235
Chad,2000,Chad2000,104825,166.1757089,-3.839
Chad,2005,Chad2005,352130,658.566973,19.281
Chad,2010,Chad2010,417034,892.5688697,10.419
Chad,2015,Chad2015,466968,776.0197523,-48.918
Chad,2020,Chad2020,547494,652.3492096,9.016
Channel Islands,1990,Channel Islands1990,61660,1,0
Channel Islands,1995,Channel Islands1995,60519,1,0
Channel Islands,2000,Channel Islands2000,64301,1,0
Channel Islands,2005,Channel Islands2005,70941,1,0
Channel Islands,2010,Channel Islands2010,77581,1,0
Channel Islands,2015,Channel Islands2015,82307,1,0
Channel Islands,2020,Channel Islands2020,84087,1,0
Chile,1990,Chile1990,107501,2494.526796,-5.253
Chile,1995,Chile1995,142417,5107.277513,2.49
Chile,2000,Chile2000,177332,5100.254133,5.79
Chile,2005,Chile2005,276360,7558.371754,14.336
Chile,2010,Chile2010,375388,12724.10406,26.064
Chile,2015,Chile2015,639724,13495.01061,55.709
Chile,2020,Chile2020,1645015,13220.57076,98.439
China,1990,China1990,376361,317.884673,-290.067
China,1995,China1995,442198,609.6566792,-625.725
China,2000,China2000,508034,959.3724836,-549.792
China,2005,China2005,678947,1753.417829,-519.752
China,2010,China2010,849861,4550.453108,-216.417
China,2015,China2015,978046,8016.431435,-155.379
China,2020,China2020,1039675,10408.66976,-33.649
"Hong Kong SAR, China",1990,"Hong Kong SAR, China1990",2218473,13485.54489,42.265
"Hong Kong SAR, China",1995,"Hong Kong SAR, China1995",2443798,23497.49231,30.241
"Hong Kong SAR, China",2000,"Hong Kong SAR, China2000",2669122,25756.66378,60.719
"Hong Kong SAR, China",2005,"Hong Kong SAR, China2005",2721235,26649.7508,0.075
"Hong Kong SAR, China",2010,"Hong Kong SAR, China2010",2779950,32549.99823,10.584
"Hong Kong SAR, China",2015,"Hong Kong SAR, China2015",2841113,42431.88828,13.061
"Hong Kong SAR, China",2020,"Hong Kong SAR, China2020",2962492,46100.97587,0.0
"Macao SAR, China",1990,"Macao SAR, China1990",205047,9442.486665,7.443
"Macao SAR, China",1995,"Macao SAR, China1995",224929,18277.0425,3.74
"Macao SAR, China",2000,"Macao SAR, China2000",240791,15835.99101,4.134
"Macao SAR, China",2005,"Macao SAR, China2005",279308,25183.13268,11.407
"Macao SAR, China",2010,"Macao SAR, China2010",318506,52473.19099,11.168
"Macao SAR, China",2015,"Macao SAR, China2015",376066,74818.94813,6.465
"Macao SAR, China",2020,"Macao SAR, China2020",403490,39403.13591,8.441
"China, Taiwan Province of China",1990,"China, Taiwan Province of China1990",0,1,0
"China, Taiwan Province of China",1995,"China, Taiwan Province of China1995",0,1,0
"China, Taiwan Province of China",2000,"China, Taiwan Province of China2000",0,1,0
"China, Taiwan Province of China",2005,"China, Taiwan Province of China2005",0,1,0
"China, Taiwan Province of China",2010,"China, Taiwan Province of China2010",0,1,0
"China, Taiwan Province of China",2015,"China, Taiwan Province of China2015",0,1,0
"China, Taiwan Province of China",2020,"China, Taiwan Province of China2020",0,1,0
Colombia,1990,Colombia1990,104277,1445.32863,-17.237
Colombia,1995,Colombia1995,106943,2539.912877,-33.016
Colombia,2000,Colombia2000,109609,2520.481089,-31.116
Colombia,2005,Colombia2005,106523,3414.465158,-41.348
Colombia,2010,Colombia2010,130309,6336.709474,-34.185
Colombia,2015,Colombia2015,159407,6175.87603,-41.064
Colombia,2020,Colombia2020,1905393,5312.198556,229.437
Comoros,1990,Comoros1990,14079,1043.790659,-1.194
Comoros,1995,Comoros1995,13939,838.171684,-2.831
Comoros,2000,Comoros2000,13799,647.4258118,-2.971
Comoros,2005,Comoros2005,13209,1069.029426,-2.717
Comoros,2010,Comoros2010,12618,1316.491213,-2.294
Comoros,2015,Comoros2015,12555,1242.585608,-1.349
Comoros,2020,Comoros2020,12496,1407.40927,-1.772
Congo,1990,Congo1990,129391,1187.549772,-0.4
Congo,1995,Congo1995,191635,781.5249711,3.746
Congo,2000,Congo2000,305880,1032.137576,79.78
Congo,2005,Congo2005,318724,1835.609908,38.337
Congo,2010,Congo2010,425173,3076.556449,12.316
Congo,2015,Congo2015,390142,2448.523778,-18.219
Congo,2020,Congo2020,387606,1899.778237,-4.465
Cook Islands,1990,Cook Islands1990,2587,1,0
Cook Islands,1995,Cook Islands1995,2686,1,0
Cook Islands,2000,Cook Islands2000,2785,1,0
Cook Islands,2005,Cook Islands2005,3277,1,0
Cook Islands,2010,Cook Islands2010,3769,1,0
Cook Islands,2015,Cook Islands2015,4168,1,0
Cook Islands,2020,Cook Islands2020,4579,1,0
Costa Rica,1990,Costa Rica1990,417628,1831.000151,7.941
Costa Rica,1995,Costa Rica1995,364287,3265.693381,16.607
Costa Rica,2000,Costa Rica2000,310946,3789.053886,13.59
Costa Rica,2005,Costa Rica2005,358398,4676.379366,7.022
Costa Rica,2010,Costa Rica2010,405779,8227.127494,4.728
Costa Rica,2015,Costa Rica2015,411697,11642.77805,4.065
Costa Rica,2020,Costa Rica2020,520729,12201.92603,2.084
Côte d'Ivoire,1990,Côte d'Ivoire1990,1816426,905.3220195,0
Côte d'Ivoire,1995,Côte d'Ivoire1995,2076394,774.6713757,0
Côte d'Ivoire,2000,Côte d'Ivoire2000,2163644,1007.46739,0
Côte d'Ivoire,2005,Côte d'Ivoire2005,2265090,1309.591653,0
Côte d'Ivoire,2010,Côte d'Ivoire2010,2366537,1701.475702,0
Côte d'Ivoire,2015,Côte d'Ivoire2015,2470613,1972.545683,0
Côte d'Ivoire,2020,Côte d'Ivoire2020,2564857,2325.723705,0
Croatia,1990,Croatia1990,475438,1,-7.183
Croatia,1995,Croatia1995,674085,4917.085371,-52.246
Croatia,2000,Croatia2000,585298,4887.713716,-50.791
Croatia,2005,Croatia2005,579273,10621.50746,-3.834
Croatia,2010,Croatia2010,573248,14067.52312,-5.624
Croatia,2015,Croatia2015,561093,11933.37738,-13.408
Croatia,2020,Croatia2020,528056,14132.48656,-11.592
Cuba,1990,Cuba1990,34555,2703.168294,-15.438
Cuba,1995,Cuba1995,26187,2794.738808,-28.713
Cuba,2000,Cuba2000,18545,2747.100303,-24.942
Cuba,2005,Cuba2005,11693,3786.66345,-11.973
Cuba,2010,Cuba2010,7373,5305.883578,-27.718
Cuba,2015,Cuba2015,4649,7694.014637,-14.372
Cuba,2020,Cuba2020,3024,9477.852873,-7.068
Curaçao,1990,Curaçao1990,0,1,0
Curaçao,1995,Curaçao1995,0,1,0
Curaçao,2000,Curaçao2000,0,1,0
Curaçao,2005,Curaçao2005,0,1,0
Curaçao,2010,Curaçao2010,34630,1,0
Curaçao,2015,Curaçao2015,37611,19260.26985,0
Curaçao,2020,Curaçao2020,57210,16109.86167,0
Cyprus,1990,Cyprus1990,43805,9641.575195,2.551
Cyprus,1995,Cyprus1995,61941,15261.41016,11.179
Cyprus,2000,Cyprus2000,80076,14388.34766,11.577
Cyprus,2005,Cyprus2005,122849,24959.25977,13.237
Cyprus,2010,Cyprus2010,188472,31023.63867,12.456
Cyprus,2015,Cyprus2015,176693,23408.33594,4.655
Cyprus,2020,Cyprus2020,190366,27681.56641,2.999
Czechia,1990,Czechia1990,110394,3941.503094,-4.187
Czechia,1995,Czechia1995,165592,5824.121291,6.465
Czechia,2000,Czechia2000,220789,6029.038193,4.195
Czechia,2005,Czechia2005,322540,13430.6699,24.895
Czechia,2010,Czechia2010,398493,19960.06849,34.805
Czechia,2015,Czechia2015,416454,17829.69832,5.297
Czechia,2020,Czechia2020,540921,22933.49959,3.621
North Korea,1990,North Korea1990,34103,1,0.0
North Korea,1995,North Korea1995,35143,1,-3.093
North Korea,2000,North Korea2000,36183,1,-3.139
North Korea,2005,North Korea2005,40097,1,-2.86
North Korea,2010,North Korea2010,44010,1,-3.047
North Korea,2015,North Korea2015,48458,1,-3.2
North Korea,2020,North Korea2020,49549,1,-1.589
Dem. Rep. Congo,1990,Dem. Rep. Congo1990,754194,270.1305434,183.75
Dem. Rep. Congo,1995,Dem. Rep. Congo1995,1816963,135.7371304,-273.443
Dem. Rep. Congo,2000,Dem. Rep. Congo2000,744387,405.2162186,-48.028
Dem. Rep. Congo,2005,Dem. Rep. Congo2005,623009,218.3862267,20.379
Dem. Rep. Congo,2010,Dem. Rep. Congo2010,589882,334.0215777,8.823
Dem. Rep. Congo,2015,Dem. Rep. Congo2015,810018,497.3170391,47.831
Dem. Rep. Congo,2020,Dem. Rep. Congo2020,952871,543.9503925,-1.643
Denmark,1990,Denmark1990,235189,26891.44645,9.449
Denmark,1995,Denmark1995,303108,35351.36546,14.157
Denmark,2000,Denmark2000,371026,30743.54768,12.536
Denmark,2005,Denmark2005,440383,48799.8256,11.693
Denmark,2010,Denmark2010,500772,58041.39844,17.037
Denmark,2015,Denmark2015,595876,53254.85637,22.368
Denmark,2020,Denmark2020,717574,61063.31643,23.076
Djibouti,1990,Djibouti1990,122221,766.1474429,49.97
Djibouti,1995,Djibouti1995,99774,789.5555265,-3.163
Djibouti,2000,Djibouti2000,100507,768.1835703,5.627
Djibouti,2005,Djibouti2005,92110,904.7366795,-3.779
Djibouti,2010,Djibouti2010,102307,1343.275125,2.129
Djibouti,2015,Djibouti2015,112351,2652.513228,1.723
Djibouti,2020,Djibouti2020,119738,3219.701128,0.744
Dominica,1990,Dominica1990,2519,2860.322479,-1.553
Dominica,1995,Dominica1995,3121,3860.800538,-0.851
Dominica,2000,Dominica2000,3723,4787.801441,-0.994
Dominica,2005,Dominica2005,4744,5160.889141,-0.314
Dominica,2010,Dominica2010,8110,6967.364955,-0.243
Dominica,2015,Dominica2015,8093,7597.288894,-0.393
Dominica,2020,Dominica2020,8284,7003.859021,0.1
Dominican Republic,1990,Dominican Republic1990,291151,991.6148411,-27.399
Dominican Republic,1995,Dominican Republic1995,323381,2127.748089,-29.61
Dominican Republic,2000,Dominican Republic2000,355611,2869.178139,-30.231
Dominican Republic,2005,Dominican Republic2005,375417,3932.784407,-30.883
Dominican Republic,2010,Dominican Republic2010,395479,5555.392014,-30.489
Dominican Republic,2015,Dominican Republic2015,549289,6921.520594,-30.31
Dominican Republic,2020,Dominican Republic2020,603794,7268.19691,-14.966
Ecuador,1990,Ecuador1990,78663,1489.529946,-15.159
Ecuador,1995,Ecuador1995,115093,2132.906783,-45.172
Ecuador,2000,Ecuador2000,151523,1445.279324,-41.899
Ecuador,2005,Ecuador2005,189893,3002.138604,-16.816
Ecuador,2010,Ecuador2010,375253,4633.591284,-8.315
Ecuador,2015,Ecuador2015,387513,6124.490887,14.74
Ecuador,2020,Ecuador2020,784787,5627.77228,35.894
Egypt,1990,Egypt1990,173833,765.6420055,6.995
Egypt,1995,Egypt1995,166955,965.1108694,-31.423
Egypt,2000,Egypt2000,184774,1450.476242,-2.815
Egypt,2005,Egypt2005,285006,1186.393313,-18.144
Egypt,2010,Egypt2010,310017,2645.968759,-18.831
Egypt,2015,Egypt2015,353641,3562.932658,-79.15
Egypt,2020,Egypt2020,543937,3569.206841,4.476
El Salvador,1990,El Salvador1990,47360,914.1317947,-39.69
El Salvador,1995,El Salvador1995,39537,1585.108896,-89.307
El Salvador,2000,El Salvador2000,31713,2001.540049,-97.219
El Salvador,2005,El Salvador2005,36029,2428.568879,-91.042
El Salvador,2010,El Salvador2010,40342,2983.228806,-54.686
El Salvador,2015,El Salvador2015,42059,3705.579704,-51.282
El Salvador,2020,El Salvador2020,42767,3798.636521,-25.214
Equatorial Guinea,1990,Equatorial Guinea1990,2740,267.4680729,3.506
Equatorial Guinea,1995,Equatorial Guinea1995,3629,285.5525482,5.3
Equatorial Guinea,2000,Equatorial Guinea2000,4517,1725.557584,15.352
Equatorial Guinea,2005,Equatorial Guinea2005,6588,10963.40638,15.549
Equatorial Guinea,2010,Equatorial Guinea2010,8658,17288.84128,22.033
Equatorial Guinea,2015,Equatorial Guinea2015,209611,11283.39802,17.694
Equatorial Guinea,2020,Equatorial Guinea2020,230618,7198.335884,0.0
Eritrea,1990,Eritrea1990,11848,1,-12.442
Eritrea,1995,Eritrea1995,12400,262.2305348,136.103
Eritrea,2000,Eritrea2000,12952,308.1341868,-33.196
Eritrea,2005,Eritrea2005,15905,388.5959475,-12.841
Eritrea,2010,Eritrea2010,15813,501.355317,-13.369
Eritrea,2015,Eritrea2015,15941,1,-53.049
Eritrea,2020,Eritrea2020,13934,1,-14.987
Estonia,1990,Estonia1990,381997,1,-2.798
Estonia,1995,Estonia1995,315755,3134.389753,-12.803
Estonia,2000,Estonia2000,249512,4070.609024,-3.23
Estonia,2005,Estonia2005,233701,10412.64431,-5.242
Estonia,2010,Estonia2010,217890,14663.04461,-3.759
Estonia,2015,Estonia2015,194664,17402.03761,4.308
Estonia,2020,Estonia2020,199277,23054.35849,2.995
Eswatini,1990,Eswatini1990,74991,1355.389001,7.169
Eswatini,1995,Eswatini1995,35157,1833.099316,-2.501
Eswatini,2000,Eswatini2000,34084,1728.710498,-6.689
Eswatini,2005,Eswatini2005,33392,3083.838141,-8.0
Eswatini,2010,Eswatini2010,32637,4168.489403,-10.467
Eswatini,2015,Eswatini2015,32352,3680.349473,-10.464
Eswatini,2020,Eswatini2020,32858,3434.721798,-4.897
Ethiopia,1990,Ethiopia1990,1155390,254.2432622,296.018
Ethiopia,1995,Ethiopia1995,806904,134.3429602,91.538
Ethiopia,2000,Ethiopia2000,611384,124.4607909,-49.892
Ethiopia,2005,Ethiopia2005,514451,162.4327286,-44.423
Ethiopia,2010,Ethiopia2010,568748,341.5541227,80.213
Ethiopia,2015,Ethiopia2015,1161642,640.5419231,62.784
Ethiopia,2020,Ethiopia2020,1085517,936.4507576,38.867
Falkland Islands (Malvinas),1990,Falkland Islands (Malvinas)1990,855,1,0
Falkland Islands (Malvinas),1995,Falkland Islands (Malvinas)1995,868,1,0
Falkland Islands (Malvinas),2000,Falkland Islands (Malvinas)2000,1067,1,0
Falkland Islands (Malvinas),2005,Falkland Islands (Malvinas)2005,1166,1,0
Falkland Islands (Malvinas),2010,Falkland Islands (Malvinas)2010,1436,1,0
Falkland Islands (Malvinas),2015,Falkland Islands (Malvinas)2015,1571,1,0
Falkland Islands (Malvinas),2020,Falkland Islands (Malvinas)2020,1957,1,0
Faroe Islands,1990,Faroe Islands1990,4285,1,-1.147
Faroe Islands,1995,Faroe Islands1995,2900,1,0.097
Faroe Islands,2000,Faroe Islands2000,3593,22856.73883,0.332
Faroe Islands,2005,Faroe Islands2005,4583,36756.12167,-0.151
Faroe Islands,2010,Faroe Islands2010,5096,48578.59681,-0.116
Faroe Islands,2015,Faroe Islands2015,5485,53310.26201,0.542
Faroe Islands,2020,Faroe Islands2020,6812,66320.6792,0.498
Fiji,1990,Fiji1990,13283,1835.123058,-10.612
Fiji,1995,Fiji1995,13001,2540.980879,-14.575
Fiji,2000,Fiji2000,12719,2069.317455,-6.081
Fiji,2005,Fiji2005,12434,3627.632856,-6.729
Fiji,2010,Fiji2010,13357,3652.535933,-10.666
Fiji,2015,Fiji2015,13751,5390.714207,-11.047
Fiji,2020,Fiji2020,14087,5102.843929,-6.003
Finland,1990,Finland1990,63255,28364.64508,8.864
Finland,1995,Finland1995,99729,26271.59981,4.25
Finland,2000,Finland2000,136203,24345.91482,2.428
Finland,2005,Finland2005,192169,39054.85044,9.406
Finland,2010,Finland2010,228481,46505.30318,14.053
Finland,2015,Finland2015,314856,42801.90812,12.433
Finland,2020,Finland2020,386052,49160.83715,17.482
France,1990,France1990,5897267,21793.83554,11.404
France,1995,France1995,6087993,26890.21762,11.505
France,2000,France2000,6278718,22419.69482,102.857
France,2005,France2005,6737600,34773.15015,155.943
France,2010,France2010,7309986,40677.98514,86.355
France,2015,France2015,7878338,36652.92231,18.807
France,2020,France2020,8524876,39037.12263,18.335
French Guiana,1990,French Guiana1990,63612,1,0
French Guiana,1995,French Guiana1995,70131,1,0
French Guiana,2000,French Guiana2000,76649,1,0
French Guiana,2005,French Guiana2005,86468,1,0
French Guiana,2010,French Guiana2010,96288,1,0
French Guiana,2015,French Guiana2015,106108,1,0
French Guiana,2020,French Guiana2020,119249,1,0
French Polynesia,1990,French Polynesia1990,25830,15913.5104,-0.904
French Polynesia,1995,French Polynesia1995,28360,18262.42169,-0.919
French Polynesia,2000,French Polynesia2000,30329,14350.61586,-0.46
French Polynesia,2005,French Polynesia2005,32286,1,-0.093
French Polynesia,2010,French Polynesia2010,31640,1,-2.613
French Polynesia,2015,French Polynesia2015,30058,19500.10086,-1.676
French Polynesia,2020,French Polynesia2020,30081,20182.5845,-0.378
Gabon,1990,Gabon1990,128188,6268.918008,0.995
Gabon,1995,Gabon1995,171427,4570.571304,1.323
Gabon,2000,Gabon2000,214431,4135.99238,3.086
Gabon,2005,Gabon2005,233824,6891.36192,8.555
Gabon,2010,Gabon2010,270829,8849.322608,17.266
Gabon,2015,Gabon2015,378686,7384.700704,12.041
Gabon,2020,Gabon2020,416651,6881.714225,1.514
Gambia,1990,Gambia1990,118123,331.8177403,11.239
Gambia,1995,Gambia1995,150890,696.4495843,-2.8
Gambia,2000,Gambia2000,182514,594.1493885,-3.676
Gambia,2005,Gambia2005,181839,665.7202157,-3.204
Gambia,2010,Gambia2010,185837,860.6364339,-2.464
Gambia,2015,Gambia2015,192540,660.7235712,-3.224
Gambia,2020,Gambia2020,215659,757.4131116,-1.96
Georgia,1990,Georgia1990,304470,1614.640122,-108.964
Georgia,1995,Georgia1995,152235,578.3446099,-130.196
Georgia,2000,Georgia2000,76117,749.908535,-135.044
Georgia,2005,Georgia2005,71296,1642.760938,-31.214
Georgia,2010,Georgia2010,73078,3233.295943,-24.663
Georgia,2015,Georgia2015,76685,4014.185944,-13.317
Georgia,2020,Georgia2020,79368,4255.742993,-2.734
Germany,1990,Germany1990,5936181,22303.96133,479.954
Germany,1995,Germany1995,7464406,31658.34938,330.244
Germany,2000,Germany2000,8992631,23694.76048,60.905
Germany,2005,Germany2005,9402447,34520.23965,102.694
Germany,2010,Germany2010,9812263,41572.45595,267.047
Germany,2015,Germany2015,10220418,41103.25644,397.921
Germany,2020,Germany2020,15762457,46252.6893,334.055
Ghana,1990,Ghana1990,164851,398.6370811,-46.822
Ghana,1995,Ghana1995,252879,379.9879849,-42.594
Ghana,2000,Ghana2000,191601,258.4710399,-4.208
Ghana,2005,Ghana2005,309932,492.5440562,21.273
Ghana,2010,Ghana2010,337766,1299.345212,-3.724
Ghana,2015,Ghana2015,414744,1774.074771,-13.308
Ghana,2020,Ghana2020,476412,2254.153889,-0.297
Gibraltar,1990,Gibraltar1990,8709,1,-0.666
Gibraltar,1995,Gibraltar1995,8381,1,-0.15
Gibraltar,2000,Gibraltar2000,8054,1,-0.147
Gibraltar,2005,Gibraltar2005,9211,1,0.328
Gibraltar,2010,Gibraltar2010,10369,1,0.325
Gibraltar,2015,Gibraltar2015,11065,1,-0.101
Gibraltar,2020,Gibraltar2020,11190,1,-0.058
Greece,1990,Greece1990,618139,9600.185235,74.412
Greece,1995,Greece1995,857850,12959.32429,69.212
Greece,2000,Greece2000,1111665,12072.92936,35.798
Greece,2005,Greece2005,1190707,22560.14729,-7.559
Greece,2010,Greece2010,1321149,26716.64883,-25.002
Greece,2015,Greece2015,1242924,18083.87791,-29.315
Greece,2020,Greece2020,1340456,17647.23269,-17.853
Greenland,1990,Greenland1990,9282,18326.80512,-0.672
Greenland,1995,Greenland1995,7121,21665.7019,-0.448
Greenland,2000,Greenland2000,6601,19004.10729,-0.264
Greenland,2005,Greenland2005,6556,32489.78191,-0.505
Greenland,2010,Greenland2010,6091,43988.33249,-0.443
Greenland,2015,Greenland2015,6009,44536.40131,-0.348
Greenland,2020,Greenland2020,5899,54570.37502,-0.15
Grenada,1990,Grenada1990,4263,2886.998204,-1.998
Grenada,1995,Grenada1995,5544,3411.96696,-0.809
Grenada,2000,Grenada2000,6825,5056.977259,-0.586
Grenada,2005,Grenada2005,6902,6645.985549,-0.369
Grenada,2010,Grenada2010,6980,7258.166561,-0.453
Grenada,2015,Grenada2015,7057,9096.538652,-0.19
Grenada,2020,Grenada2020,7213,9273.199292,0.0
Guadeloupe,1990,Guadeloupe1990,65944,1,0
Guadeloupe,1995,Guadeloupe1995,74566,1,0
Guadeloupe,2000,Guadeloupe2000,83188,1,0
Guadeloupe,2005,Guadeloupe2005,89065,1,0
Guadeloupe,2010,Guadeloupe2010,94942,1,0
Guadeloupe,2015,Guadeloupe2015,90956,1,0
Guadeloupe,2020,Guadeloupe2020,90206,1,0
Guam,1990,Guam1990,69755,1,-0.57
Guam,1995,Guam1995,71912,1,-0.829
Guam,2000,Guam2000,74070,1,-1.566
Guam,2005,Guam2005,74743,26596.21479,-2.333
Guam,2010,Guam2010,75416,31040.0843,-1.85
Guam,2015,Guam2015,76089,35829.25036,-1.852
Guam,2020,Guam2020,80472,34624.34013,-0.244
Guatemala,1990,Guatemala1990,264257,845.3069621,-30.399
Guatemala,1995,Guatemala1995,156188,1424.682543,-39.89
Guatemala,2000,Guatemala2000,48119,1664.298958,-66.153
Guatemala,2005,Guatemala2005,57214,2068.500129,-49.6
Guatemala,2010,Guatemala2010,66386,2852.547327,-36.072
Guatemala,2015,Guatemala2015,74852,3994.636913,-48.162
Guatemala,2020,Guatemala2020,84311,4603.339643,-23.142
Guinea,1990,Guinea1990,403621,419.8098708,107.641
Guinea,1995,Guinea1995,774505,508.1015161,18.021
Guinea,2000,Guinea2000,560075,363.4822793,-77.558
Guinea,2005,Guinea2005,233419,322.41554,-71.104
Guinea,2010,Guinea2010,178762,672.4249304,-31.352
Guinea,2015,Guinea2015,126657,769.2554754,-15.127
Guinea,2020,Guinea2020,121437,1078.950006,-4.364
Guinea-Bissau,1990,Guinea-Bissau1990,15368,250.149442,-8.15
Guinea-Bissau,1995,Guinea-Bissau1995,27961,233.2432587,-4.376
Guinea-Bissau,2000,Guinea-Bissau2000,20450,308.9103184,-6.971
Guinea-Bissau,2005,Guinea-Bissau2005,20902,436.4752202,-4.662
Guinea-Bissau,2010,Guinea-Bissau2010,21391,558.1746681,-2.257
Guinea-Bissau,2015,Guinea-Bissau2015,22333,603.3993815,-1.393
Guinea-Bissau,2020,Guinea-Bissau2020,17945,727.5201717,-1.394
Guyana,1990,Guyana1990,4095,533.5383588,-21.639
Guyana,1995,Guyana1995,6352,816.5354249,-13.242
Guyana,2000,Guyana2000,8610,954.4003181,-13.176
Guyana,2005,Guyana2005,10868,1105.506825,-13.0
Guyana,2010,Guyana2010,8182,4580.698762,-14.327
Guyana,2015,Guyana2015,8661,5576.825852,-6.524
Guyana,2020,Guyana2020,31169,6955.939217,0.802
Haiti,1990,Haiti1990,19084,439.944188,-26.101
Haiti,1995,Haiti1995,18129,363.2655445,-27.13
Haiti,2000,Haiti2000,17222,805.0256325,-27.098
Haiti,2005,Haiti2005,16360,781.2766578,-26.304
Haiti,2010,Haiti2010,17182,1191.972664,-28.437
Haiti,2015,Haiti2015,18047,1386.854191,-32.698
Haiti,2020,Haiti2020,18884,1272.367992,-33.872
Holy See,1990,Holy See1990,762,1,0
Holy See,1995,Holy See1995,778,1,0
Holy See,2000,Holy See2000,790,1,0
Holy See,2005,Holy See2005,798,1,0
Holy See,2010,Holy See2010,783,1,0
Holy See,2015,Holy See2015,790,1,0
Holy See,2020,Holy See2020,809,1,0
Honduras,1990,Honduras1990,270423,993.4832532,-15.35
Honduras,1995,Honduras1995,149442,936.6676543,-14.711
Honduras,2000,Honduras2000,28461,1093.1081,-10.762
Honduras,2005,Honduras2005,27934,1308.09197,-6.187
Honduras,2010,Honduras2010,27288,1904.347152,-5.418
Honduras,2015,Honduras2015,38330,2302.204411,-6.512
Honduras,2020,Honduras2020,39195,2405.732848,-6.199
Hungary,1990,Hungary1990,347510,1,17.545
Hungary,1995,Hungary1995,322234,4494.707624,16.934
Hungary,2000,Hungary2000,296957,4624.281657,15.478
Hungary,2005,Hungary2005,366787,11225.93258,16.615
Hungary,2010,Hungary2010,436616,13223.083,11.394
Hungary,2015,Hungary2015,475508,12720.71202,14.166
Hungary,2020,Hungary2020,584567,16075.97327,9.042
Iceland,1990,Iceland1990,9584,25384.91502,-0.969
Iceland,1995,Iceland1995,12738,26633.59138,-1.413
Iceland,2000,Iceland2000,15892,32096.37226,1.874
Iceland,2005,Iceland2005,25492,56794.85016,3.918
Iceland,2010,Iceland2010,35091,43237.07295,-2.077
Iceland,2015,Iceland2015,39072,52951.68151,1.477
Iceland,2020,Iceland2020,65424,59264.03409,2.573
India,1990,India1990,7594801,367.5566089,108.465
India,1995,India1995,6952238,373.7664808,-57.139
India,2000,India2000,6411331,443.3141938,-149.966
India,2005,India2005,5936740,714.8610154,-550.186
India,2010,India2010,5574018,1357.563727,-380.087
India,2015,India2015,5210847,1605.605445,-475.094
India,2020,India2020,4878704,1933.101069,-34.772
Indonesia,1990,Indonesia1990,465612,585.0765628,11.542
Indonesia,1995,Indonesia1995,378960,1026.393436,-1.651
Indonesia,2000,Indonesia2000,292307,780.1902047,-42.697
Indonesia,2005,Indonesia2005,289310,1263.287332,-102.38
Indonesia,2010,Indonesia2010,307487,3122.362673,-77.01
Indonesia,2015,Indonesia2015,338124,3331.695115,-37.991
Indonesia,2020,Indonesia2020,355505,3870.55762,-24.999
Iran,1990,Iran1990,4291601,2214.327688,1375.419
Iran,1995,Iran1995,2937668,1569.255447,-120.114
Iran,2000,Iran2000,2476469,1670.009674,394.594
Iran,2005,Iran2005,2552206,3246.051122,323.987
Iran,2010,Iran2010,2722397,6599.660938,127.703
Iran,2015,Iran2015,2729939,5200.680787,628.31
Iran,2020,Iran2020,2797235,2756.749977,-156.669
Iraq,1990,Iraq1990,83638,10356.90305,-601.469
Iraq,1995,Iraq1995,199460,639.9231244,40.424
Iraq,2000,Iraq2000,210525,2058.264401,87.624
Iraq,2005,Iraq2005,134863,1855.522348,51.019
Iraq,2010,Iraq2010,120466,4657.280269,107.297
Iraq,2015,Iraq2015,359352,4688.318017,-19.49
Iraq,2020,Iraq2020,365766,4583.747494,71.539
Ireland,1990,Ireland1990,227961,14031.30257,-8.183
Ireland,1995,Ireland1995,226892,19158.45648,10.186
Ireland,2000,Ireland2000,350552,26334.56721,31.23
Ireland,2005,Ireland2005,589046,50933.02161,64.192
Ireland,2010,Ireland2010,730542,48655.36616,-27.11
Ireland,2015,Ireland2015,759256,62012.48493,13.13
Ireland,2020,Ireland2020,871256,85422.54287,15.32
Isle of Man,1990,Isle of Man1990,34769,1,1.266
Isle of Man,1995,Isle of Man1995,36886,12681.61415,0.469
Isle of Man,2000,Isle of Man2000,39002,20322.68202,0.978
Isle of Man,2005,Isle of Man2005,41475,37766.67954,0.684
Isle of Man,2010,Isle of Man2010,43447,69767.34336,0.663
Isle of Man,2015,Isle of Man2015,42238,85126.97047,-0.231
Isle of Man,2020,Isle of Man2020,43040,1,0.235
Israel,1990,Israel1990,1632704,1,57.467
Israel,1995,Israel1995,1792185,18143.4991,50.609
Israel,2000,Israel2000,1851309,21061.48228,27.257
Israel,2005,Israel2005,1889503,20585.13861,13.756
Israel,2010,Israel2010,1956190,30780.02382,9.58
Israel,2015,Israel2015,2011727,35808.43643,12.049
Israel,2020,Israel2020,1953575,44177.57122,16.569
Italy,1990,Italy1990,1428219,20825.78422,21.268
Italy,1995,Italy1995,1774954,20664.55227,28.851
Italy,2000,Italy2000,2121688,20137.59122,49.166
Italy,2005,Italy2005,3954790,32055.09208,250.91
Italy,2010,Italy2010,5787893,36035.645,270.043
Italy,2015,Italy2015,5805328,30242.38614,34.031
Italy,2020,Italy2020,6386998,31834.97262,28.021
Jamaica,1990,Jamaica1990,20475,1897.690884,-26.08
Jamaica,1995,Jamaica1995,22713,2596.010121,-20.084
Jamaica,2000,Jamaica2000,24952,3392.123878,-18.5
Jamaica,2005,Jamaica2005,24284,4103.601637,-18.072
Jamaica,2010,Jamaica2010,23677,4704.04776,-14.244
Jamaica,2015,Jamaica2015,23165,4907.927415,-11.329
Jamaica,2020,Jamaica2020,23629,4664.530242,0.0
Japan,1990,Japan1990,1075317,25371.46417,26.291
Japan,1995,Japan1995,1362371,44197.6191,38.572
Japan,2000,Japan2000,1686444,39169.35957,84.477
Japan,2005,Japan2005,2011555,37812.89502,153.248
Japan,2010,Japan2010,2134151,44968.15623,148.46
Japan,2015,Japan2015,2232189,34960.63938,150.215
Japan,2020,Japan2020,2770996,39918.16756,87.584
Jordan,1990,Jordan1990,1146349,1166.61093,66.103
Jordan,1995,Jordan1995,1537097,1466.044512,27.992
Jordan,2000,Jordan2000,1927845,1651.621798,-26.074
Jordan,2005,Jordan2005,2198740,2183.394643,3.5
Jordan,2010,Jordan2010,2786853,3736.645462,4.872
Jordan,2015,Jordan2015,3166961,4164.108769,490.844
Jordan,2020,Jordan2020,3457691,4282.765825,18.092
Kazakhstan,1990,Kazakhstan1990,3619200,1647.463243,-108.425
Kazakhstan,1995,Kazakhstan1995,3251968,1288.188519,-412.725
Kazakhstan,2000,Kazakhstan2000,2874194,1229.001247,-43.423
Kazakhstan,2005,Kazakhstan2005,3103027,3771.278957,22.958
Kazakhstan,2010,Kazakhstan2010,3334937,9070.488253,23.234
Kazakhstan,2015,Kazakhstan2015,3546060,10510.77189,-12.253
Kazakhstan,2020,Kazakhstan2020,3732073,9121.637138,-12.432
Kenya,1990,Kenya1990,298089,361.3282651,-11.341
Kenya,1995,Kenya1995,618745,325.7789291,-75.544
Kenya,2000,Kenya2000,707852,397.4826588,5.407
Kenya,2005,Kenya2005,773354,511.6163943,5.496
Kenya,2010,Kenya2010,954925,1080.296184,-21.076
Kenya,2015,Kenya2015,1126886,1464.554009,-95.981
Kenya,2020,Kenya2020,1050147,1872.124026,-17.106
Kiribati,1990,Kiribati1990,2162,549.9010785,-0.445
Kiribati,1995,Kiribati1995,2223,724.9218715,-0.847
Kiribati,2000,Kiribati2000,2283,796.8032036,-0.513
Kiribati,2005,Kiribati2005,2487,1214.635603,-0.226
Kiribati,2010,Kiribati2010,2868,1508.789745,-0.619
Kiribati,2015,Kiribati2015,2919,1535.162783,-0.853
Kiribati,2020,Kiribati2020,3126,1514.591059,-0.296
Kuwait,1990,Kuwait1990,1074391,8794.606046,-1196.051
Kuwait,1995,Kuwait1995,921954,16932.08504,1.693
Kuwait,2000,Kuwait2000,1127640,18440.37852,19.193
Kuwait,2005,Kuwait2005,1333530,35591.03713,68.878
Kuwait,2010,Kuwait2010,1874812,38577.49828,94.736
Kuwait,2015,Kuwait2015,2866136,29869.55275,259.114
Kuwait,2020,Kuwait2020,3110159,24811.76971,-254.177
Kyrgyzstan,1990,Kyrgyzstan1990,623083,609.1728912,-37.094
Kyrgyzstan,1995,Kyrgyzstan1995,518338,364.2264974,-17.46
Kyrgyzstan,2000,Kyrgyzstan2000,389824,279.6195693,-21.139
Kyrgyzstan,2005,Kyrgyzstan2005,309399,476.55213,-27.13
Kyrgyzstan,2010,Kyrgyzstan2010,232065,880.0377751,-52.547
Kyrgyzstan,2015,Kyrgyzstan2015,204382,1121.082835,-29.468
Kyrgyzstan,2020,Kyrgyzstan2020,199011,1182.5217,-14.307
Laos,1990,Laos1990,22866,203.2560175,-3.1
Laos,1995,Laos1995,23526,363.8800524,-14.29
Laos,2000,Laos2000,21948,325.1869371,-34.009
Laos,2005,Laos2005,20371,475.6107962,-24.171
Laos,2010,Laos2010,32955,1141.235703,-27.446
Laos,2015,Laos2015,45538,2140.044323,-12.995
Laos,2020,Laos2020,48731,2608.982833,-10.303
Latvia,1990,Latvia1990,646007,1,-10.252
Latvia,1995,Latvia1995,538093,2329.576733,-20.017
Latvia,2000,Latvia2000,430178,3361.640869,-20.514
Latvia,2005,Latvia2005,376725,7594.902384,-17.62
Latvia,2010,Latvia2010,313786,11420.994,-14.321
Latvia,2015,Latvia2015,265418,13786.4568,-11.163
Latvia,2020,Latvia2020,239422,17703.95344,-7.381
Lebanon,1990,Lebanon1990,523693,1012.648216,-6.595
Lebanon,1995,Lebanon1995,608303,3321.297267,2.634
Lebanon,2000,Lebanon2000,692913,4491.641934,0.455
Lebanon,2005,Lebanon2005,742243,4575.107459,1.224
Lebanon,2010,Lebanon2010,793191,7761.641489,-40.915
Lebanon,2015,Lebanon2015,1916259,7643.008718,-223.722
Lebanon,2020,Lebanon2020,1712762,3801.792743,-115.146
Lesotho,1990,Lesotho1990,8240,350.0587845,-12.891
Lesotho,1995,Lesotho1995,7204,527.6998379,-16.279
Lesotho,2000,Lesotho2000,6167,436.4881373,-23.572
Lesotho,2005,Lesotho2005,6290,842.812631,-22.692
Lesotho,2010,Lesotho2010,6414,1119.843641,-6.204
Lesotho,2015,Lesotho2015,9152,1146.064688,-4.129
Lesotho,2020,Lesotho2020,12060,1050.631634,-1.49
Liberia,1990,Liberia1990,94964,1,-712.546
Liberia,1995,Liberia1995,208563,1,54.372
Liberia,2000,Liberia2000,151868,306.8338642,-2.06
Liberia,2005,Liberia2005,87217,294.8932201,101.019
Liberia,2010,Liberia2010,99165,513.4455667,2.848
Liberia,2015,Liberia2015,112111,721.5810505,-15.195
Liberia,2020,Liberia2020,87947,601.0630058,-10.119
Libya,1990,Libya1990,457075,6514.318567,0.947
Libya,1995,Libya1995,508041,5161.685428,-5.066
Libya,2000,Libya2000,567436,7142.771786,31.97
Libya,2005,Libya2005,625412,8163.00937,41.035
Libya,2010,Libya2010,687192,12162.66871,9.613
Libya,2015,Libya2015,771146,7590.442981,-7.66
Libya,2020,Libya2020,826537,7614.325449,-0.696
Liechtenstein,1990,Liechtenstein1990,10906,49373.61027,0.217
Liechtenstein,1995,Liechtenstein1995,13311,78631.69911,0.288
Liechtenstein,2000,Liechtenstein2000,15483,74853.93873,0.208
Liechtenstein,2005,Liechtenstein2005,18898,105399.2605,0.141
Liechtenstein,2010,Liechtenstein2010,22342,141192.5347,0.086
Liechtenstein,2015,Liechtenstein2015,23799,167313.2663,0.141
Liechtenstein,2020,Liechtenstein2020,25877,1,0.189
Lithuania,1990,Lithuania1990,349258,1,-7.205
Lithuania,1995,Lithuania1995,273587,2167.792582,-20.394
Lithuania,2000,Lithuania2000,214311,3293.229979,-31.24
Lithuania,2005,Lithuania2005,201209,7854.765279,-35.453
Lithuania,2010,Lithuania2010,160772,11987.50841,-28.864
Lithuania,2015,Lithuania2015,136021,14263.96458,-18.912
Lithuania,2020,Lithuania2020,145184,20232.30204,-12.625
Luxembourg,1990,Luxembourg1990,113795,33465.47821,3.925
Luxembourg,1995,Luxembourg1995,126106,51032.34964,4.225
Luxembourg,2000,Luxembourg2000,139750,48659.59888,4.407
Luxembourg,2005,Luxembourg2005,150618,80988.13762,6.19
Luxembourg,2010,Luxembourg2010,163142,110885.9914,7.793
Luxembourg,2015,Luxembourg2015,248888,105462.0126,11.373
Luxembourg,2020,Luxembourg2020,298062,116356.158,6.952
Madagascar,1990,Madagascar1990,23917,338.9477127,-1.792
Madagascar,1995,Madagascar1995,21177,284.8227287,0.485
Madagascar,2000,Madagascar2000,23541,293.6071574,0.485
Madagascar,2005,Madagascar2005,26058,319.5374751,0.485
Madagascar,2010,Madagascar2010,28905,471.9592116,0.485
Madagascar,2015,Madagascar2015,32075,467.2354316,0.485
Madagascar,2020,Madagascar2020,35563,477.6130414,-0.742
Malawi,1990,Malawi1990,1127724,199.9863636,71.114
Malawi,1995,Malawi1995,241624,141.9543474,-66.368
Malawi,2000,Malawi2000,232620,156.3858168,-29.032
Malawi,2005,Malawi2005,221661,289.5552148,-31.428
Malawi,2010,Malawi2010,217722,478.6686885,-9.321
Malawi,2015,Malawi2015,197328,380.5969877,-6.449
Malawi,2020,Malawi2020,191362,636.2863096,-1.775
Malaysia,1990,Malaysia1990,695920,2441.741991,94.487
Malaysia,1995,Malaysia1995,937368,4329.707998,94.297
Malaysia,2000,Malaysia2000,1463598,4043.662923,174.011
Malaysia,2005,Malaysia2005,1918504,5587.02478,245.376
Malaysia,2010,Malaysia2010,2417395,9040.568495,114.491
Malaysia,2015,Malaysia2015,3280681,9955.242722,80.603
Malaysia,2020,Malaysia2020,3476560,10412.34767,57.483
Maldives,1990,Maldives1990,8689,963.6356582,-0.243
Maldives,1995,Maldives1995,18510,1569.932617,-0.518
Maldives,2000,Maldives2000,27092,2234.595861,0.133
Maldives,2005,Maldives2005,45045,3640.012132,0.195
Maldives,2010,Maldives2010,54659,7076.739821,6.244
Maldives,2015,Maldives2015,64273,9033.41027,12.526
Maldives,2020,Maldives2020,70079,6924.105745,1.134
Mali,1990,Mali1990,160736,317.3892458,-68.856
Mali,1995,Mali1995,176187,282.3410342,-67.932
Mali,2000,Mali2000,189475,270.5430066,-17.423
Mali,2005,Mali2005,258630,489.0228556,-17.436
Mali,2010,Mali2010,341078,710.2743036,-34.523
Mali,2015,Mali2015,420504,751.4728892,-48.947
Mali,2020,Mali2020,485829,862.453012,-14.978
Malta,1990,Malta1990,15077,7191.923603,0.606
Malta,1995,Malta1995,17740,9857.480771,1.53
Malta,2000,Malta2000,21521,10432.32812,1.799
Malta,2005,Malta2005,24560,15888.17232,0.456
Malta,2010,Malta2010,33008,21799.17426,3.049
Malta,2015,Malta2015,52642,24921.60368,9.443
Malta,2020,Malta2020,114760,28946.46268,10.854
Marshall Islands,1990,Marshall Islands1990,1158,1660.340633,-0.593
Marshall Islands,1995,Marshall Islands1995,1480,2382.962699,-0.743
Marshall Islands,2000,Marshall Islands2000,1891,2272.678016,-1.323
Marshall Islands,2005,Marshall Islands2005,2417,2471.352046,-1.637
Marshall Islands,2010,Marshall Islands2010,3089,2846.065542,-1.415
Marshall Islands,2015,Marshall Islands2015,3284,3199.886846,-1.901
Marshall Islands,2020,Marshall Islands2020,3298,4129.850998,-1.901
Martinique,1990,Martinique1990,38705,1,0
Martinique,1995,Martinique1995,46599,1,0
Martinique,2000,Martinique2000,54492,1,0
Martinique,2005,Martinique2005,57034,1,0
Martinique,2010,Martinique2010,59575,1,0
Martinique,2015,Martinique2015,69174,1,0
Martinique,2020,Martinique2020,68624,1,0
Mauritania,1990,Mauritania1990,111650,740.7361713,-3.002
Mauritania,1995,Mauritania1995,89562,904.0907235,-22.996
Mauritania,2000,Mauritania2000,57366,676.5690224,-2.997
Mauritania,2005,Mauritania2005,58211,970.8423607,-18.723
Mauritania,2010,Mauritania2010,84920,1610.92063,3.637
Mauritania,2015,Mauritania2015,166552,1524.073317,-3.018
Mauritania,2020,Mauritania2020,182286,1702.486959,-1.494
Mauritius,1990,Mauritius1990,3613,2506.179312,-1.646
Mauritius,1995,Mauritius1995,7493,3599.555202,-1.305
Mauritius,2000,Mauritius2000,15543,3929.075495,-2.522
Mauritius,2005,Mauritius2005,19647,5282.906022,-3.221
Mauritius,2010,Mauritius2010,24836,8000.376432,-3.194
Mauritius,2015,Mauritius2015,28585,9260.447303,-2.747
Mauritius,2020,Mauritius2020,28893,8632.752859,-0.478
Mayotte,1990,Mayotte1990,15229,1,0
Mayotte,1995,Mayotte1995,26316,1,0
Mayotte,2000,Mayotte2000,45474,1,0
Mayotte,2005,Mayotte2005,63176,1,0
Mayotte,2010,Mayotte2010,72757,1,0
Mayotte,2015,Mayotte2015,81386,1,0
Mayotte,2020,Mayotte2020,111540,1,0
Mexico,1990,Mexico1990,695674,3112.268595,-286.584
Mexico,1995,Mexico1995,458549,3928.223711,-313.979
Mexico,2000,Mexico2000,538051,7157.8145,-356.43
Mexico,2005,Mexico2005,712648,8277.671564,-318.048
Mexico,2010,Mexico2010,969710,9271.398396,-41.156
Mexico,2015,Mexico2015,1013691,9616.645558,-82.173
Mexico,2020,Mexico2020,1197624,8431.665017,-9.949
Micronesia (Fed. States of),1990,Micronesia (Fed. States of)1990,3685,1528.493105,-0.995
Micronesia (Fed. States of),1995,Micronesia (Fed. States of)1995,3342,2060.494723,-2.425
Micronesia (Fed. States of),2000,Micronesia (Fed. States of)2000,3116,2171.889577,-2.688
Micronesia (Fed. States of),2005,Micronesia (Fed. States of)2005,2905,2358.1467,-3.055
Micronesia (Fed. States of),2010,Micronesia (Fed. States of)2010,2806,2885.305492,-1.799
Micronesia (Fed. States of),2015,Micronesia (Fed. States of)2015,2756,2906.617012,-1.415
Micronesia (Fed. States of),2020,Micronesia (Fed. States of)2020,2832,3542.969788,-0.635
Monaco,1990,Monaco1990,20359,84303.87843,0.347
Monaco,1995,Monaco1995,21060,101866.6041,0.29
Monaco,2000,Monaco2000,21787,82365.49236,0.016
Monaco,2005,Monaco2005,21312,124197.2754,-0.137
Monaco,2010,Monaco2010,21132,150737.8925,0.823
Monaco,2015,Monaco2015,25983,165989.5051,1.019
Monaco,2020,Monaco2020,26601,173688.1894,0.206
Mongolia,1990,Mongolia1990,6718,1172.446287,-11.026
Mongolia,1995,Mongolia1995,7424,631.920915,-8.617
Mongolia,2000,Mongolia2000,8206,474.2170943,-10.833
Mongolia,2005,Mongolia2005,11477,998.829388,-8.663
Mongolia,2010,Mongolia2010,16062,2643.287083,-8.592
Mongolia,2015,Mongolia2015,19886,3875.321675,3.932
Mongolia,2020,Mongolia2020,21345,4060.950518,0.0
Montenegro,1990,Montenegro1990,0,1,-1.762
Montenegro,1995,Montenegro1995,0,1,-3.124
Montenegro,2000,Montenegro2000,0,1627.072633,-4.423
Montenegro,2005,Montenegro2005,0,3674.617924,-1.986
Montenegro,2010,Montenegro2010,78512,6688.4824,-2.017
Montenegro,2015,Montenegro2015,71719,6517.189614,-1.943
Montenegro,2020,Montenegro2020,70999,7694.633759,-1.326
Montserrat,1990,Montserrat1990,2013,1,0
Montserrat,1995,Montserrat1995,1612,1,0
Montserrat,2000,Montserrat2000,1211,1,0
Montserrat,2005,Montserrat2005,1244,1,0
Montserrat,2010,Montserrat2010,1291,1,0
Montserrat,2015,Montserrat2015,1351,1,0
Montserrat,2020,Montserrat2020,1379,1,0
Morocco,1990,Morocco1990,54895,1206.011841,-104.908
Morocco,1995,Morocco1995,50360,1432.309814,-97.336
Morocco,2000,Morocco2000,53034,1334.943481,-90.376
Morocco,2005,Morocco2005,56222,2018.025513,-58.941
Morocco,2010,Morocco2010,71189,2839.926025,-70.49
Morocco,2015,Morocco2015,92424,2875.258057,-81.202
Morocco,2020,Morocco2020,102358,3058.69165,-33.807
Mozambique,1990,Mozambique1990,122332,1,-97.33
Mozambique,1995,Mozambique1995,168256,187.2938682,72.493
Mozambique,2000,Mozambique2000,195702,319.3596208,-58.468
Mozambique,2005,Mozambique2005,268694,416.8098242,-52.323
Mozambique,2010,Mozambique2010,306471,471.90436,-29.343
Mozambique,2015,Mozambique2015,321794,589.8594314,30.414
Mozambique,2020,Mozambique2020,338850,448.8438914,11.745
Myanmar,1990,Myanmar1990,133545,49.26489079,-40.864
Myanmar,1995,Myanmar1995,113663,111.1407801,-75.127
Myanmar,2000,Myanmar2000,98011,146.6045788,-106.816
Myanmar,2005,Myanmar2005,83025,216.3115014,-185.133
Myanmar,2010,Myanmar2010,76414,746.94536,-116.543
Myanmar,2015,Myanmar2015,73309,1196.743333,-94.128
Myanmar,2020,Myanmar2020,76446,1450.662673,-66.228
Namibia,1990,Namibia1990,120641,1947.062911,3.969
Namibia,1995,Namibia1995,115372,2443.995853,5.712
Namibia,2000,Namibia2000,135547,2185.604115,5.709
Namibia,2005,Namibia2005,107347,3739.531717,-8.195
Namibia,2010,Namibia2010,103826,5394.996712,-8.518
Namibia,2015,Namibia2015,101618,4896.61526,-8.596
Namibia,2020,Namibia2020,109391,4157.019506,-4.301
Nauru,1990,Nauru1990,2815,1,0.071
Nauru,1995,Nauru1995,2605,1,-0.201
Nauru,2000,Nauru2000,2394,1,-0.223
Nauru,2005,Nauru2005,2253,1,-0.234
Nauru,2010,Nauru2010,906,4752.175082,-0.252
Nauru,2015,Nauru2015,1833,8341.012278,-0.031
Nauru,2020,Nauru2020,2201,10580.26819,-0.068
Nepal,1990,Nepal1990,429974,191.8788839,-0.65
Nepal,1995,Nepal1995,690225,203.9807806,-86.3
Nepal,2000,Nepal2000,717900,229.4903926,-147.403
Nepal,2005,Nepal2005,680729,315.80563,-238.799
Nepal,2010,Nepal2010,581889,592.4012071,-293.613
Nepal,2015,Nepal2015,509471,901.7496077,-221.059
Nepal,2020,Nepal2020,487564,1147.471971,306.664
Netherlands,1990,Netherlands1990,1182263,21290.86038,32.373
Netherlands,1995,Netherlands1995,1346164,29258.13435,38.76
Netherlands,2000,Netherlands2000,1556337,26214.49855,21.65
Netherlands,2005,Netherlands2005,1736127,41994.71353,13.61
Netherlands,2010,Netherlands2010,1832510,50999.74512,35.628
Netherlands,2015,Netherlands2015,1996318,45193.40322,57.677
Netherlands,2020,Netherlands2020,2358333,52396.03221,58.816
New Caledonia,1990,New Caledonia1990,37673,14800.79125,0.953
New Caledonia,1995,New Caledonia1995,43662,18721.06526,1.072
New Caledonia,2000,New Caledonia2000,49651,16039.17388,0.969
New Caledonia,2005,New Caledonia2005,55405,26861.71059,0.083
New Caledonia,2010,New Caledonia2010,61158,37494.88437,1.709
New Caledonia,2015,New Caledonia2015,68881,32520.30457,-2.23
New Caledonia,2020,New Caledonia2020,73141,34694.5504,-1.182
New Zealand,1990,New Zealand1990,518047,13663.02162,71.491
New Zealand,1995,New Zealand1995,588617,17400.42018,26.133
New Zealand,2000,New Zealand2000,678813,13641.10272,-6.08
New Zealand,2005,New Zealand2005,839952,27751.06547,19.148
New Zealand,2010,New Zealand2010,947443,33676.77412,6.258
New Zealand,2015,New Zealand2015,1039736,38630.72659,47.165
New Zealand,2020,New Zealand2020,1381724,41596.5055,38.22
Nicaragua,1990,Nicaragua1990,41421,241.8764121,-24.283
Nicaragua,1995,Nicaragua1995,26619,890.0054491,-25.888
Nicaragua,2000,Nicaragua2000,30389,1007.499839,-42.092
Nicaragua,2005,Nicaragua2005,34919,1162.289685,-33.283
Nicaragua,2010,Nicaragua2010,37345,1503.872231,-29.081
Nicaragua,2015,Nicaragua2015,40261,2049.851666,-24.359
Nicaragua,2020,Nicaragua2020,42167,1900.043594,-10.384
Niger,1990,Niger1990,115464,437.589995,0.084
Niger,1995,Niger1995,145999,242.6203967,3.837
Niger,2000,Niger2000,122260,197.8326834,-8.533
Niger,2005,Niger2005,124509,321.7236612,-9.71
Niger,2010,Niger2010,126482,476.8695322,-8.045
Niger,2015,Niger2015,252998,484.1531374,17.051
Niger,2020,Niger2020,348056,567.6698923,-4.403
Nigeria,1990,Nigeria1990,456621,567.528649,107.212
Nigeria,1995,Nigeria1995,462999,408.1810448,43.504
Nigeria,2000,Nigeria2000,487882,567.9307221,34.146
Nigeria,2005,Nigeria2005,969714,1268.383462,-46.749
Nigeria,2010,Nigeria2010,990494,2280.437337,18.073
Nigeria,2015,Nigeria2015,1199115,2687.480056,-145.917
Nigeria,2020,Nigeria2020,1308568,2097.092473,-4.824
Niue,1990,Niue1990,461,1,0
Niue,1995,Niue1995,480,1,0
Niue,2000,Niue2000,498,1,0
Niue,2005,Niue2005,522,1,0
Niue,2010,Niue2010,589,1,0
Niue,2015,Niue2015,588,1,0
Niue,2020,Niue2020,588,1,0
Macedonia,1990,Macedonia1990,95142,2354.275256,-16.174
Macedonia,1995,Macedonia1995,109343,2373.384463,-3.605
Macedonia,2000,Macedonia2000,125665,1861.898065,5.516
Macedonia,2005,Macedonia2005,127667,3072.678573,-2.25
Macedonia,2010,Macedonia2010,129701,4577.688755,-1.578
Macedonia,2015,Macedonia2015,130730,4861.553971,-1.378
Macedonia,2020,Macedonia2020,131311,5846.465899,-0.486
Northern Mariana Islands,1990,Northern Mariana Islands1990,26593,1,-0.286
Northern Mariana Islands,1995,Northern Mariana Islands1995,32376,1,0.784
Northern Mariana Islands,2000,Northern Mariana Islands2000,40122,1,-1.149
Northern Mariana Islands,2005,Northern Mariana Islands2005,37542,18763.15278,-4.365
Northern Mariana Islands,2010,Northern Mariana Islands2010,24168,14804.24673,-3.917
Northern Mariana Islands,2015,Northern Mariana Islands2015,21648,16314.38355,-0.866
Northern Mariana Islands,2020,Northern Mariana Islands2020,21843,1,-0.431
Norway,1990,Norway1990,192587,28242.94374,1.895
Norway,1995,Norway1995,233302,34875.70433,6.522
Norway,2000,Norway2000,292440,38131.46061,9.789
Norway,2005,Norway2005,361144,66810.47852,18.467
Norway,2010,Norway2010,524601,87693.79007,42.906
Norway,2015,Norway2015,746375,74355.51586,30.329
Norway,2020,Norway2020,852238,67329.67779,10.756
Oman,1990,Oman1990,304000,6448.13836,33.492
Oman,1995,Oman1995,539643,6261.764469,-15.515
Oman,2000,Oman2000,623608,8601.271944,-19.889
Oman,2005,Oman2005,666164,12377.08001,-0.63
Oman,2010,Oman2010,816234,21369.35297,264.095
Oman,2015,Oman2015,1856226,18444.927,134.26
Oman,2020,Oman2020,2372836,14485.38612,-164.408
Pakistan,1990,Pakistan1990,6208204,371.6785676,30.184
Pakistan,1995,Pakistan1995,3669308,489.8818298,296.208
Pakistan,2000,Pakistan2000,4181912,576.1955804,940.739
Pakistan,2005,Pakistan2005,3174558,748.9225893,-632.467
Pakistan,2010,Pakistan2010,3943681,987.409712,-431.891
Pakistan,2015,Pakistan2015,3506520,1356.667831,-2172.159
Pakistan,2020,Pakistan2020,3276580,1359.514522,-588.736
Palau,1990,Palau1990,2801,1,0.169
Palau,1995,Palau1995,4749,1,0.283
Palau,2000,Palau2000,6310,7657.951214,0.079
Palau,2005,Palau2005,6043,9626.612414,-0.277
Palau,2010,Palau2010,5490,10356.63362,-0.356
Palau,2015,Palau2015,4937,15876.46193,0.008
Palau,2020,Palau2020,5088,14243.86469,0.007
Panama,1990,Panama1990,62744,2603.847676,-0.854
Panama,1995,Panama1995,70848,3494.51729,1.221
Panama,2000,Panama2000,83410,4060.317793,2.602
Panama,2005,Panama2005,109461,4916.907612,3.843
Panama,2010,Panama2010,157788,8082.01618,4.953
Panama,2015,Panama2015,184710,13630.30115,8.648
Panama,2020,Panama2020,313165,12509.83529,5.473
Papua New Guinea,1990,Papua New Guinea1990,33710,697.5389685,2.397
Papua New Guinea,1995,Papua New Guinea1995,33526,893.7731191,40.951
Papua New Guinea,2000,Papua New Guinea2000,26304,602.1864903,41.857
Papua New Guinea,2005,Papua New Guinea2005,29971,749.1865116,46.016
Papua New Guinea,2010,Papua New Guinea2010,30425,1949.351185,50.107
Papua New Guinea,2015,Papua New Guinea2015,30940,2679.346579,30.581
Papua New Guinea,2020,Papua New Guinea2020,31068,2757.011019,10.695
Paraguay,1990,Paraguay1990,195884,1376.165325,-4.689
Paraguay,1995,Paraguay1995,186570,1897.098347,-7.653
Paraguay,2000,Paraguay2000,176608,1663.604939,-15.88
Paraguay,2005,Paraguay2005,168243,1843.634108,-42.163
Paraguay,2010,Paraguay2010,160299,4342.065845,-26.173
Paraguay,2015,Paraguay2015,156462,5413.776021,-16.833
Paraguay,2020,Paraguay2020,169567,4967.687212,-8.23
Peru,1990,Peru1990,56688,1196.586858,-35.982
Peru,1995,Peru1995,56732,2194.017247,-46.443
Peru,2000,Peru2000,66300,1955.588006,-94.554
Peru,2005,Peru2005,77877,2729.499172,-221.582
Peru,2010,Peru2010,104706,5082.353706,-181.284
Peru,2015,Peru2015,154774,6229.100674,2.462
Peru,2020,Peru2020,1224519,6117.493571,79.456
Philippines,1990,Philippines1990,154071,816.0295457,-149.089
Philippines,1995,Philippines1995,207345,1212.944437,-143.386
Philippines,2000,Philippines2000,318095,1072.801752,-122.971
Philippines,2005,Philippines2005,257468,1244.348741,-223.074
Philippines,2010,Philippines2010,208599,2217.472153,-183.268
Philippines,2015,Philippines2015,211862,3001.043182,6.954
Philippines,2020,Philippines2020,225525,3301.218603,-41.937
Poland,1990,Poland1990,1127771,1731.209531,-41.244
Poland,1995,Poland1995,964725,3686.8193,-48.065
Poland,2000,Poland2000,825251,4501.454067,315.602
Poland,2005,Poland2005,722509,8021.505743,-21.324
Poland,2010,Poland2010,642417,12613.011,-8.835
Poland,2015,Poland2015,611855,12578.49547,-25.426
Poland,2020,Poland2020,817254,15742.45373,-0.779
Portugal,1990,Portugal1990,435782,7884.617988,-33.704
Portugal,1995,Portugal1995,532822,11781.36185,30.13
Portugal,2000,Portugal2000,651472,11526.37207,63.195
Portugal,2005,Portugal2005,771184,18780.12751,17.155
Portugal,2010,Portugal2010,762825,22520.64231,-11.82
Portugal,2015,Portugal2015,864814,19250.10654,-10.124
Portugal,2020,Portugal2020,1001963,22194.56611,40.535
Puerto Rico,1990,Puerto Rico1990,321909,8652.507492,-8.238
Puerto Rico,1995,Puerto Rico1995,338067,11579.185,-8.68
Puerto Rico,2000,Puerto Rico2000,355038,16192.12697,-22.489
Puerto Rico,2005,Puerto Rico2005,352144,21959.3227,-33.43
Puerto Rico,2010,Puerto Rico2010,304969,26435.74879,-33.742
Puerto Rico,2015,Puerto Rico2015,280494,29763.4883,-64.764
Puerto Rico,2020,Puerto Rico2020,247132,31429.86612,-7.408
Qatar,1990,Qatar1990,309753,15454.17967,5.021
Qatar,1995,Qatar1995,361673,15849.56574,4.893
Qatar,2000,Qatar2000,359697,29976.16763,22.039
Qatar,2005,Qatar2005,646026,51455.95094,106.609
Qatar,2010,Qatar2010,1456413,67403.08768,64.531
Qatar,2015,Qatar2015,1687640,63039.11263,178.133
Qatar,2020,Qatar2020,2226192,50124.38594,-163.999
South Korea,1990,South Korea1990,43247,6610.036508,69.252
South Korea,1995,South Korea1995,123886,12564.77813,-230.292
South Korea,2000,South Korea2000,244224,12256.99357,-72.624
South Korea,2005,South Korea2005,486065,19402.50263,-36.504
South Korea,2010,South Korea2010,919987,23087.22564,56.092
South Korea,2015,South Korea2015,1370905,28732.23108,266.322
South Korea,2020,South Korea2020,1728182,31597.50465,0.0
Moldova,1990,Moldova1990,544162,1,-14.931
Moldova,1995,Moldova1995,367231,593.7661383,-25.033
Moldova,2000,Moldova2000,247828,440.6720307,-44.421
Moldova,2005,Moldova2005,171122,1034.707058,-51.269
Moldova,2010,Moldova2010,129488,2437.537683,-86.459
Moldova,2015,Moldova2015,106374,2732.46073,-59.404
Moldova,2020,Moldova2020,104438,4525.759654,-14.278
Réunion,1990,Réunion1990,57210,1,0
Réunion,1995,Réunion1995,77159,1,0
Réunion,2000,Réunion2000,100678,1,0
Réunion,2005,Réunion2005,115076,1,0
Réunion,2010,Réunion2010,123029,1,0
Réunion,2015,Réunion2015,127209,1,0
Réunion,2020,Réunion2020,131769,1,0
Romania,1990,Romania1990,135825,1680.705623,-39.265
Romania,1995,Romania1995,135037,1650.276481,-75.823
Romania,2000,Romania2000,134254,1659.90764,-91.807
Romania,2005,Romania2005,145162,4617.929016,-129.933
Romania,2010,Romania2010,177211,8214.076893,-112.173
Romania,2015,Romania2015,281048,8969.148921,-49.612
Romania,2020,Romania2020,705310,12956.56625,-12.724
Russia,1990,Russia1990,11524948,3492.710205,257.95
Russia,1995,Russia1995,11928927,2665.779785,544.803
Russia,2000,Russia2000,11900297,1771.594116,404.928
Russia,2005,Russia2005,11667588,5323.462891,244.437
Russia,2010,Russia2010,11194710,10674.99609,253.479
Russia,2015,Russia2015,11643276,9313.013672,384.942
Russia,2020,Russia2020,11636911,10161.98242,340.711
Rwanda,1990,Rwanda1990,160024,349.8733096,-31.72
Rwanda,1995,Rwanda1995,215735,221.6289261,443.316
Rwanda,2000,Rwanda2000,347076,260.6076547,-99.86
Rwanda,2005,Rwanda2005,423187,331.7045113,-23.051
Rwanda,2010,Rwanda2010,426901,609.7542974,-8.394
Rwanda,2015,Rwanda2015,514647,751.1105055,-14.477
Rwanda,2020,Rwanda2020,513907,786.3018148,-1.579
Saint Barthélemy,1990,Saint Barthélemy1990,0,1,0
Saint Barthélemy,1995,Saint Barthélemy1995,0,1,0
Saint Barthélemy,2000,Saint Barthélemy2000,0,1,0
Saint Barthélemy,2005,Saint Barthélemy2005,0,1,0
Saint Barthélemy,2010,Saint Barthélemy2010,0,1,0
Saint Barthélemy,2015,Saint Barthélemy2015,0,1,0
Saint Barthélemy,2020,Saint Barthélemy2020,0,1,0
Saint Helena,1990,Saint Helena1990,178,1,0
Saint Helena,1995,Saint Helena1995,117,1,0
Saint Helena,2000,Saint Helena2000,108,1,0
Saint Helena,2005,Saint Helena2005,163,1,0
Saint Helena,2010,Saint Helena2010,248,1,0
Saint Helena,2015,Saint Helena2015,377,1,0
Saint Helena,2020,Saint Helena2020,437,1,0
Saint Kitts and Nevis,1990,Saint Kitts and Nevis1990,3210,5396.40485,-0.861
Saint Kitts and Nevis,1995,Saint Kitts and Nevis1995,4248,7450.274145,0.143
Saint Kitts and Nevis,2000,Saint Kitts and Nevis2000,5871,9565.949909,0.248
Saint Kitts and Nevis,2005,Saint Kitts and Nevis2005,6682,11679.40971,-0.222
Saint Kitts and Nevis,2010,Saint Kitts and Nevis2010,7245,15888.63951,-0.16
Saint Kitts and Nevis,2015,Saint Kitts and Nevis2015,7443,18717.42876,-0.191
Saint Kitts and Nevis,2020,Saint Kitts and Nevis2020,7725,18440.85368,-0.191
Saint Lucia,1990,Saint Lucia1990,5305,4199.636497,-1.211
Saint Lucia,1995,Saint Lucia1995,7155,5194.782925,-1.071
Saint Lucia,2000,Saint Lucia2000,9871,5950.047485,-0.773
Saint Lucia,2005,Saint Lucia2005,9839,6949.204173,-0.088
Saint Lucia,2010,Saint Lucia2010,9050,8540.07098,0.438
Saint Lucia,2015,Saint Lucia2015,8673,10093.61802,0.0
Saint Lucia,2020,Saint Lucia2020,8338,8804.561089,0.0
Saint Martin (French part),1990,Saint Martin (French part)1990,0,1,0.002
Saint Martin (French part),1995,Saint Martin (French part)1995,0,1,-0.704
Saint Martin (French part),2000,Saint Martin (French part)2000,0,1,0.159
Saint Martin (French part),2005,Saint Martin (French part)2005,0,1,0.15
Saint Martin (French part),2010,Saint Martin (French part)2010,0,1,-0.447
Saint Martin (French part),2015,Saint Martin (French part)2015,0,1,-0.662
Saint Martin (French part),2020,Saint Martin (French part)2020,0,1,-0.949
Saint Pierre and Miquelon,1990,Saint Pierre and Miquelon1990,1099,1,0
Saint Pierre and Miquelon,1995,Saint Pierre and Miquelon1995,1320,1,0
Saint Pierre and Miquelon,2000,Saint Pierre and Miquelon2000,1458,1,0
Saint Pierre and Miquelon,2005,Saint Pierre and Miquelon2005,1147,1,0
Saint Pierre and Miquelon,2010,Saint Pierre and Miquelon2010,1017,1,0
Saint Pierre and Miquelon,2015,Saint Pierre and Miquelon2015,986,1,0
Saint Pierre and Miquelon,2020,Saint Pierre and Miquelon2020,998,1,0
Saint Vincent and the Grenadines,1990,Saint Vincent and the Grenadines1990,3970,2236.197812,-1.915
Saint Vincent and the Grenadines,1995,Saint Vincent and the Grenadines1995,4135,2924.829997,-1.64
Saint Vincent and the Grenadines,2000,Saint Vincent and the Grenadines2000,4307,3970.293622,-1.618
Saint Vincent and the Grenadines,2005,Saint Vincent and the Grenadines2005,4436,5339.393551,-1.757
Saint Vincent and the Grenadines,2010,Saint Vincent and the Grenadines2010,4569,6654.792907,-1.66
Saint Vincent and the Grenadines,2015,Saint Vincent and the Grenadines2015,4637,7207.170759,-1.295
Saint Vincent and the Grenadines,2020,Saint Vincent and the Grenadines2020,4738,7860.821354,-0.379
Samoa,1990,Samoa1990,3357,772.5343204,-4.286
Samoa,1995,Samoa1995,4694,1322.35067,-3.004
Samoa,2000,Samoa2000,5998,1483.807415,-3.02
Samoa,2005,Samoa2005,5746,2652.996245,-4.04
Samoa,2010,Samoa2010,5122,3566.458334,-3.274
Samoa,2015,Samoa2015,4255,4073.729083,-3.137
Samoa,2020,Samoa2020,4021,4068.078865,-1.06
San Marino,1990,San Marino1990,3310,1,0.273
San Marino,1995,San Marino1995,3659,1,0.275
San Marino,2000,San Marino2000,4045,36604.49338,0.386
San Marino,2005,San Marino2005,4218,60900.54329,0.381
San Marino,2010,San Marino2010,4880,60254.7763,0.641
San Marino,2015,San Marino2015,5195,42662.90241,0.317
San Marino,2020,San Marino2020,5543,45515.7577,-0.138
Sao Tome and Principe,1990,Sao Tome and Principe1990,5582,1,-0.724
Sao Tome and Principe,1995,Sao Tome and Principe1995,4936,1,-1.494
Sao Tome and Principe,2000,Sao Tome and Principe2000,4365,1,-2.512
Sao Tome and Principe,2005,Sao Tome and Principe2005,3433,866.5049956,-1.023
Sao Tome and Principe,2010,Sao Tome and Principe2010,2700,1090.260763,-1.527
Sao Tome and Principe,2015,Sao Tome and Principe2015,2394,1584.775657,-1.8
Sao Tome and Principe,2020,Sao Tome and Principe2020,2139,2157.840446,0.0
Saudi Arabia,1990,Saudi Arabia1990,4998445,7246.01592,186.898
Saudi Arabia,1995,Saudi Arabia1995,5122702,7690.576284,27.095
Saudi Arabia,2000,Saudi Arabia2000,5263387,9171.331476,17.241
Saudi Arabia,2005,Saudi Arabia2005,6501819,13791.45476,481.349
Saudi Arabia,2010,Saudi Arabia2010,8429956,19262.5476,236.962
Saudi Arabia,2015,Saudi Arabia2015,10771366,20627.92178,60.337
Saudi Arabia,2020,Saudi Arabia2020,13454842,20203.66888,-1025.295
Senegal,1990,Senegal1990,270410,982.0178763,-12.986
Senegal,1995,Senegal1995,287654,727.9896576,-31.064
Senegal,2000,Senegal2000,231901,613.7323845,-42.952
Senegal,2005,Senegal2005,238298,992.6880581,-41.857
Senegal,2010,Senegal2010,256092,1271.583281,-43.569
Senegal,2015,Senegal2015,266496,1219.249415,-31.006
Senegal,2020,Senegal2020,274929,1462.808169,-10.09
Serbia,1990,Serbia1990,99269,1,-0.651
Serbia,1995,Serbia1995,870980,2207.450598,7.879
Serbia,2000,Serbia2000,977873,914.7857199,2.082
Serbia,2005,Serbia2005,854848,3720.479155,0.351
Serbia,2010,Serbia2010,826275,5735.422857,-0.02
Serbia,2015,Serbia2015,807441,5588.980728,7.368
Serbia,2020,Serbia2020,823011,7730.691746,0.243
Seychelles,1990,Seychelles1990,3721,5302.843727,-0.32
Seychelles,1995,Seychelles1995,5148,6748.931109,-0.048
Seychelles,2000,Seychelles2000,6574,7578.851053,0.376
Seychelles,2005,Seychelles2005,8997,11092.51074,0.251
Seychelles,2010,Seychelles2010,11420,10804.7233,0.376
Seychelles,2015,Seychelles2015,12791,15157.50183,0.245
Seychelles,2020,Seychelles2020,13050,12193.88687,0.146
Sierra Leone,1990,Sierra Leone1990,222148,150.3889975,131.587
Sierra Leone,1995,Sierra Leone1995,98516,202.3160428,-112.857
Sierra Leone,2000,Sierra Leone2000,97974,138.6987225,83.013
Sierra Leone,2005,Sierra Leone2005,146227,292.3490663,-1.805
Sierra Leone,2010,Sierra Leone2010,79265,401.8348761,7.983
Sierra Leone,2015,Sierra Leone2015,58830,588.2288628,-0.356
Sierra Leone,2020,Sierra Leone2020,53746,509.376594,1.292
Singapore,1990,Singapore1990,727262,11861.75616,44.423
Singapore,1995,Singapore1995,991492,24914.41126,67.448
Singapore,2000,Singapore2000,1351691,23852.32703,39.387
Singapore,2005,Singapore2005,1710594,29961.26328,80.422
Singapore,2010,Singapore2010,2164794,47236.96023,109.045
Singapore,2015,Singapore2015,2483405,55646.61875,40.958
Singapore,2020,Singapore2020,2523648,60729.45035,21.324
Sint Maarten (Dutch part),1990,Sint Maarten (Dutch part)1990,0,1,1.402
Sint Maarten (Dutch part),1995,Sint Maarten (Dutch part)1995,0,1,-0.719
Sint Maarten (Dutch part),2000,Sint Maarten (Dutch part)2000,0,1,-0.594
Sint Maarten (Dutch part),2005,Sint Maarten (Dutch part)2005,13099,1,0.011
Sint Maarten (Dutch part),2010,Sint Maarten (Dutch part)2010,26203,1,-0.062
Sint Maarten (Dutch part),2015,Sint Maarten (Dutch part)2015,27295,32274.89055,1.027
Sint Maarten (Dutch part),2020,Sint Maarten (Dutch part)2020,28845,1,0.475
Slovakia,1990,Slovakia1990,41295,2405.53516,-10.132
Slovakia,1995,Slovakia1995,69323,4819.125555,-0.591
Slovakia,2000,Slovakia2000,116376,5426.624281,-1.135
Slovakia,2005,Slovakia2005,130491,11690.11347,-0.219
Slovakia,2010,Slovakia2010,146319,16841.76774,-1.558
Slovakia,2015,Slovakia2015,177624,16342.21626,2.637
Slovakia,2020,Slovakia2020,197161,19266.51357,1.746
Slovenia,1990,Slovenia1990,178077,1,1.718
Slovenia,1995,Slovenia1995,174419,10730.45101,-0.763
Slovenia,2000,Slovenia2000,214508,10201.30354,-1.562
Slovenia,2005,Slovenia2005,217218,18098.90854,8.289
Slovenia,2010,Slovenia2010,253786,23532.48085,7.64
Slovenia,2015,Slovenia2015,237616,20890.16643,7.934
Slovenia,2020,Slovenia2020,277964,25489.50023,7.681
Solomon Islands,1990,Solomon Islands1990,4226,688.9996709,-0.529
Solomon Islands,1995,Solomon Islands1995,4178,1306.636685,-0.859
Solomon Islands,2000,Solomon Islands2000,3981,1017.399663,-2.137
Solomon Islands,2005,Solomon Islands2005,3271,1014.723188,-2.8
Solomon Islands,2010,Solomon Islands2010,2760,1604.148888,-2.225
Solomon Islands,2015,Solomon Islands2015,2585,2167.155394,-1.603
Solomon Islands,2020,Solomon Islands2020,2520,2250.601164,-0.808
Somalia,1990,Somalia1990,478294,126.9249732,-248.155
Somalia,1995,Somalia1995,19527,1,65.888
Somalia,2000,Somalia2000,20097,1,53.58
Somalia,2005,Somalia2005,20768,1,-5.955
Somalia,2010,Somalia2010,48106,1,-88.448
Somalia,2015,Somalia2015,40990,386.437817,-17.178
Somalia,2020,Somalia2020,58590,438.2551656,-11.383
South Africa,1990,South Africa1990,1163883,3425.174231,231.224
South Africa,1995,South Africa1995,1003807,4144.613723,-98.3
South Africa,2000,South Africa2000,1016963,3374.718423,-80.388
South Africa,2005,South Africa2005,1351031,6033.101491,31.424
South Africa,2010,South Africa2010,2114801,8148.961202,68.599
South Africa,2015,South Africa2015,3231728,6259.839681,644.996
South Africa,2020,South Africa2020,2860495,5655.867654,30.852
South Sudan,1990,South Sudan1990,0,1,12.993
South Sudan,1995,South Sudan1995,0,1,17.077
South Sudan,2000,South Sudan2000,0,1,74.224
South Sudan,2005,South Sudan2005,0,1,132.868
South Sudan,2010,South Sudan2010,230732,1535.706892,299.4
South Sudan,2015,South Sudan2015,844112,1119.651437,-160.109
South Sudan,2020,South Sudan2020,882252,1,-74.415
Spain,1990,Spain1990,821605,13804.87679,-38.206
Spain,1995,Spain1995,1020067,15471.96272,164.507
Spain,2000,Spain2000,1657285,14749.68742,175.213
Spain,2005,Spain2005,4107226,26429.15094,632.974
Spain,2010,Spain2010,6280062,30532.48051,62.782
Spain,2015,Spain2015,5891208,25742.36883,-0.871
Spain,2020,Spain2020,6842202,27056.42175,208.791
Sri Lanka,1990,Sri Lanka1990,41561,463.6187388,-36.199
Sri Lanka,1995,Sri Lanka1995,40841,714.2332315,-73.695
Sri Lanka,2000,Sri Lanka2000,40132,869.696285,-91.9
Sri Lanka,2005,Sri Lanka2005,39526,1248.698185,-36.955
Sri Lanka,2010,Sri Lanka2010,38959,2799.648738,-26.603
Sri Lanka,2015,Sri Lanka2015,39706,3843.780672,-98.598
Sri Lanka,2020,Sri Lanka2020,40254,3694.040948,-92.4
State of Palestine,1990,State of Palestine1990,288332,1,0
State of Palestine,1995,State of Palestine1995,281767,1,0
State of Palestine,2000,State of Palestine2000,275202,1,0
State of Palestine,2005,State of Palestine2005,274520,1,0
State of Palestine,2010,State of Palestine2010,273840,1,0
State of Palestine,2015,State of Palestine2015,273163,1,0
State of Palestine,2020,State of Palestine2020,272784,1,0
Sudan,1990,Sudan1990,1402896,1312.049316,-227.157
Sudan,1995,Sudan1995,1053396,473.4134827,-71.692
Sudan,2000,Sudan2000,805086,366.1727295,-80.698
Sudan,2005,Sudan2005,546419,914.1665039,-10.644
Sudan,2010,Sudan2010,618709,1683.211914,-331.713
Sudan,2015,Sudan2015,620523,2184.542236,49.08
Sudan,2020,Sudan2020,1379147,615.4620972,0.086
Suriname,1990,Suriname1990,18083,958.6123321,-6.471
Suriname,1995,Suriname1995,22320,1565.212023,0.607
Suriname,2000,Suriname2000,27506,2012.281651,0.613
Suriname,2005,Suriname2005,33662,3590.648183,-1.542
Suriname,2010,Suriname2010,39713,8255.874872,-1.145
Suriname,2015,Suriname2015,43127,9168.237157,-0.976
Suriname,2020,Suriname2020,47801,4916.605666,-0.313
Sweden,1990,Sweden1990,788767,30593.67244,17.724
Sweden,1995,Sweden1995,936022,30282.96392,22.161
Sweden,2000,Sweden2000,1003798,29624.91267,27.734
Sweden,2005,Sweden2005,1125790,43437.06312,39.103
Sweden,2010,Sweden2010,1337214,52869.04429,60.639
Sweden,2015,Sweden2015,1602522,51545.48361,77.987
Sweden,2020,Sweden2020,2003908,52300.2062,81.066
Switzerland,1990,Switzerland1990,1392282,39607.81909,58.538
Switzerland,1995,Switzerland1995,1478829,50155.97413,24.956
Switzerland,2000,Switzerland2000,1570756,38952.0342,24.066
Switzerland,2005,Switzerland2005,1805437,56546.78566,32.421
Switzerland,2010,Switzerland2010,2075182,77117.12601,75.604
Switzerland,2015,Switzerland2015,2258196,84776.14217,71.488
Switzerland,2020,Switzerland2020,2491249,87100.41482,53.786
Syria,1990,Syria1990,714140,1920.631225,-12.182
Syria,1995,Syria1995,830610,3545.808903,-13.569
Syria,2000,Syria2000,834916,4910.777748,-18.458
Syria,2005,Syria2005,882398,7309.107876,13.431
Syria,2010,Syria2010,1783595,11820.60778,-54.336
Syria,2015,Syria2015,835716,979.1444387,-827.474
Syria,2020,Syria2020,868711,1,270.006
Tajikistan,1990,Tajikistan1990,428900,498.0815841,-41.579
Tajikistan,1995,Tajikistan1995,348347,213.5441443,-40.411
Tajikistan,2000,Tajikistan2000,299499,138.4291467,-13.87
Tajikistan,2005,Tajikistan2005,280466,340.5831832,-27.949
Tajikistan,2010,Tajikistan2010,279808,749.5524123,-33.731
Tajikistan,2015,Tajikistan2015,275101,978.4049812,-18.984
Tajikistan,2020,Tajikistan2020,276031,852.8309878,-3.564
Thailand,1990,Thailand1990,528693,1508.94247,130.112
Thailand,1995,Thailand1995,809720,2846.586834,102.011
Thailand,2000,Thailand2000,1257821,2007.735271,119.074
Thailand,2005,Thailand2005,2195610,2894.062656,70.281
Thailand,2010,Thailand2010,3234381,5076.339872,52.842
Thailand,2015,Thailand2015,3470220,5840.053067,32.595
Thailand,2020,Thailand2020,3632496,7158.766684,35.526
Timor-Leste,1990,Timor-Leste1990,8954,1,0.399
Timor-Leste,1995,Timor-Leste1995,9743,1,-7.916
Timor-Leste,2000,Timor-Leste2000,10602,415.0859486,-12.665
Timor-Leste,2005,Timor-Leste2005,11286,464.5459387,-1.481
Timor-Leste,2010,Timor-Leste2010,11540,806.4143493,-1.607
Timor-Leste,2015,Timor-Leste2015,8520,1332.791856,-5.529
Timor-Leste,2020,Timor-Leste2020,8399,1442.730738,-3.506
Togo,1990,Togo1990,84844,431.4503884,0.059
Togo,1995,Togo1995,101583,309.8182936,57.406
Togo,2000,Togo2000,137968,302.958592,4.71
Togo,2005,Togo2005,204219,406.562366,-4.438
Togo,2010,Togo2010,255564,534.0447826,-1.972
Togo,2015,Togo2015,277384,570.9099672,-1.985
Togo,2020,Togo2020,279936,914.9507925,-0.995
Tokelau,1990,Tokelau1990,360,1,0
Tokelau,1995,Tokelau1995,506,1,0
Tokelau,2000,Tokelau2000,712,1,0
Tokelau,2005,Tokelau2005,1003,1,0
Tokelau,2010,Tokelau2010,1128,1,0
Tokelau,2015,Tokelau2015,1185,1,0
Tokelau,2020,Tokelau2020,1238,1,0
Tonga,1990,Tonga1990,2911,1194.541034,-2.068
Tonga,1995,Tonga1995,3274,2176.381296,-2.109
Tonga,2000,Tonga2000,3684,2091.113009,-1.617
Tonga,2005,Tonga2005,4301,2594.418739,-1.812
Tonga,2010,Tonga2010,4607,3527.952342,-1.948
Tonga,2015,Tonga2015,3954,4336.239603,-2.495
Tonga,2020,Tonga2020,3742,4624.823449,-0.948
Trinidad and Tobago,1990,Trinidad and Tobago1990,50666,4150.284861,-7.878
Trinidad and Tobago,1995,Trinidad and Tobago1995,45994,4249.094373,-6.723
Trinidad and Tobago,2000,Trinidad and Tobago2000,41753,6435.134212,-5.185
Trinidad and Tobago,2005,Trinidad and Tobago2005,44812,12327.28071,-3.595
Trinidad and Tobago,2010,Trinidad and Tobago2010,48226,16683.39306,-2.23
Trinidad and Tobago,2015,Trinidad and Tobago2015,50021,18383.5387,-0.583
Trinidad and Tobago,2020,Trinidad and Tobago2020,78849,15285.94049,2.37
Tunisia,1990,Tunisia1990,37984,1491.119777,7.453
Tunisia,1995,Tunisia1995,37867,1975.899862,-10.177
Tunisia,2000,Tunisia2000,36719,2211.835015,-17.475
Tunisia,2005,Tunisia2005,35040,3193.204358,-29.303
Tunisia,2010,Tunisia2010,43172,4344.619418,-25.953
Tunisia,2015,Tunisia2015,56532,4094.841602,-25.23
Tunisia,2020,Tunisia2020,60145,3597.218525,-9.189
Turkey,1990,Turkey1990,1163686,2794.350494,-22.662
Turkey,1995,Turkey1995,1216173,2897.86664,-81.045
Turkey,2000,Turkey2000,1280963,4337.478003,-77.647
Turkey,2005,Turkey2005,1324108,7456.296101,-23.548
Turkey,2010,Turkey2010,1373749,10742.77498,69.638
Turkey,2015,Turkey2015,4346197,11006.27952,341.261
Turkey,2020,Turkey2020,6052652,8536.43332,-80.952
Turkmenistan,1990,Turkmenistan1990,306500,865.3954416,0.798
Turkmenistan,1995,Turkmenistan1995,273565,589.905474,-0.462
Turkmenistan,2000,Turkmenistan2000,219067,643.1754381,-9.473
Turkmenistan,2005,Turkmenistan2005,213053,1704.41538,-8.252
Turkmenistan,2010,Turkmenistan2010,197979,4439.202128,-9.627
Turkmenistan,2015,Turkmenistan2015,196376,6432.685325,-9.612
Turkmenistan,2020,Turkmenistan2020,194920,1,-4.502
Turks and Caicos Islands,1990,Turks and Caicos Islands1990,5062,1,0.291
Turks and Caicos Islands,1995,Turks and Caicos Islands1995,7039,1,0.382
Turks and Caicos Islands,2000,Turks and Caicos Islands2000,9015,1,0.418
Turks and Caicos Islands,2005,Turks and Caicos Islands2005,13115,20533.18761,0.794
Turks and Caicos Islands,2010,Turks and Caicos Islands2010,17216,21029.69594,0.899
Turks and Caicos Islands,2015,Turks and Caicos Islands2015,22723,26183.88504,1.663
Turks and Caicos Islands,2020,Turks and Caicos Islands2020,25748,23879.92665,0.682
Tuvalu,1990,Tuvalu1990,318,990.3981751,-0.037
Tuvalu,1995,Tuvalu1995,263,1185.840519,-0.163
Tuvalu,2000,Tuvalu2000,218,1605.005484,-0.161
Tuvalu,2005,Tuvalu2005,209,2291.638236,-0.01
Tuvalu,2010,Tuvalu2010,220,3051.440078,0.017
Tuvalu,2015,Tuvalu2015,230,3316.664522,-0.159
Tuvalu,2020,Tuvalu2020,239,4668.818743,-0.015
Uganda,1990,Uganda1990,544273,248.0293243,-21.692
Uganda,1995,Uganda1995,606987,281.9661333,-242.445
Uganda,2000,Uganda2000,584280,261.8691416,-52.834
Uganda,2005,Uganda2005,593308,333.7315763,-151.432
Uganda,2010,Uganda2010,492930,822.5393725,-168.379
Uganda,2015,Uganda2015,851175,847.2676289,-62.377
Uganda,2020,Uganda2020,1720313,822.0276815,43.465
Ukraine,1990,Ukraine1990,6892920,1568.536621,49.782
Ukraine,1995,Ukraine1995,6172338,935.9761353,-124.586
Ukraine,2000,Ukraine2000,5527087,658.3486328,-77.752
Ukraine,2005,Ukraine2005,5050302,1894.470825,-4.936
Ukraine,2010,Ukraine2010,4818767,3078.429932,8.366
Ukraine,2015,Ukraine2015,4915142,2124.662354,-21.937
Ukraine,2020,Ukraine2020,4997387,3751.740723,-2.173
United Arab Emirates,1990,United Arab Emirates1990,1306574,27729.39059,64.939
United Arab Emirates,1995,United Arab Emirates1995,1824118,27221.93441,64.261
United Arab Emirates,2000,United Arab Emirates2000,2447010,33291.36625,131.735
United Arab Emirates,2005,United Arab Emirates2005,3281115,39365.45964,339.38
United Arab Emirates,2010,United Arab Emirates2010,7316697,33893.27725,-13.726
United Arab Emirates,2015,United Arab Emirates2015,7995126,38663.38826,-14.154
United Arab Emirates,2020,United Arab Emirates2020,8716332,36284.55524,-2.762
United Kingdom,1990,United Kingdom1990,3650286,19095.467,-0.701
United Kingdom,1995,United Kingdom1995,4155293,23206.56856,48.732
United Kingdom,2000,United Kingdom2000,4730165,28223.06757,161.157
United Kingdom,2005,United Kingdom2005,5926156,42132.09072,261.3
United Kingdom,2010,United Kingdom2010,7119664,39688.61497,281.588
United Kingdom,2015,United Kingdom2015,8406996,45404.56777,254.218
United Kingdom,2020,United Kingdom2020,9359587,41098.07865,211.063
Tanzania,1990,Tanzania1990,574025,173.7906189,-88.284
Tanzania,1995,Tanzania1995,1106043,182.3619232,-109.903
Tanzania,2000,Tanzania2000,949600,410.9523621,-12.539
Tanzania,2005,Tanzania2005,771153,492.6313477,-128.147
Tanzania,2010,Tanzania2010,309847,743.4036865,-121.993
Tanzania,2015,Tanzania2015,384567,947.9333496,201.562
Tanzania,2020,Tanzania2020,426017,1076.469727,-15.795
United States of America,1990,United States of America1990,23251026,23888.60001,1421.775
United States of America,1995,United States of America1995,28451053,28690.8757,1678.815
United States of America,2000,United States of America2000,34814053,36329.95607,1479.676
United States of America,2005,United States of America2005,39258293,44123.40707,1129.462
United States of America,2010,United States of America2010,44183643,48650.64313,1030.731
United States of America,2015,United States of America2015,48178877,56762.72945,1221.849
United States of America,2020,United States of America2020,50632836,63027.67953,675.56
Virgin Islands (U.S.),1990,Virgin Islands (U.S.)1990,51970,1,-1.583
Virgin Islands (U.S.),1995,Virgin Islands (U.S.)1995,54241,1,0.144
Virgin Islands (U.S.),2000,Virgin Islands (U.S.)2000,56611,1,-0.921
Virgin Islands (U.S.),2005,Virgin Islands (U.S.)2005,56647,40828.74609,-0.429
Virgin Islands (U.S.),2010,Virgin Islands (U.S.)2010,56684,39905.12842,-1.09
Virgin Islands (U.S.),2015,Virgin Islands (U.S.)2015,56721,34007.35294,-0.63
Virgin Islands (U.S.),2020,Virgin Islands (U.S.)2020,56753,39552.1686,0.0
Uruguay,1990,Uruguay1990,98116,2990.367133,-7.498
Uruguay,1995,Uruguay1995,93428,5985.116994,-8.333
Uruguay,2000,Uruguay2000,88874,6875.025469,-11.074
Uruguay,2005,Uruguay2005,82317,5226.9441,-16.092
Uruguay,2010,Uruguay2010,76303,11992.02377,-7.696
Uruguay,2015,Uruguay2015,78799,15613.74597,-4.156
Uruguay,2020,Uruguay2020,108267,15418.81531,-1.486
Uzbekistan,1990,Uzbekistan1990,1653000,651.4192061,-73.485
Uzbekistan,1995,Uzbekistan1995,1512577,585.9323642,-45.888
Uzbekistan,2000,Uzbekistan2000,1406498,558.2268024,-66.569
Uzbekistan,2005,Uzbekistan2005,1329932,546.7768502,-33.395
Uzbekistan,2010,Uzbekistan2010,1220149,1742.349256,-20.381
Uzbekistan,2015,Uzbekistan2015,1170873,2753.971072,-20.38
Uzbekistan,2020,Uzbekistan2020,1162007,1749.655815,-39.203
Vanuatu,1990,Vanuatu1990,2308,1152.169246,-0.939
Vanuatu,1995,Vanuatu1995,2461,1482.705562,-0.939
Vanuatu,2000,Vanuatu2000,2626,1470.63587,-0.458
Vanuatu,2005,Vanuatu2005,2800,1887.226576,-0.448
Vanuatu,2010,Vanuatu2010,2991,2839.40634,-0.882
Vanuatu,2015,Vanuatu2015,3186,2695.666186,-0.756
Vanuatu,2020,Vanuatu2020,3257,2919.8368,-0.197
Venezuela,1990,Venezuela1990,1025009,2475.380473,-0.08
Venezuela,1995,Venezuela1995,1019996,3529.589128,-0.633
Venezuela,2000,Venezuela2000,1013738,4842.036601,-2.004
Venezuela,2005,Venezuela2005,1076474,5504.97724,-18.4
Venezuela,2010,Venezuela2010,1347347,13825.35712,-52.784
Venezuela,2015,Venezuela2015,1404448,1,-77.421
Venezuela,2020,Venezuela2020,1324193,1,-525.142
Vietnam,1990,Vietnam1990,28118,95.18825998,-10.252
Vietnam,1995,Vietnam1995,51262,276.8126628,43.672
Vietnam,2000,Vietnam2000,56754,390.0933309,-150.955
Vietnam,2005,Vietnam2005,51768,687.4797274,-144.08
Vietnam,2010,Vietnam2010,61756,1673.329289,-4.382
Vietnam,2015,Vietnam2015,72793,2581.622442,-4.761
Vietnam,2020,Vietnam2020,76767,3526.274579,-2.016
Wallis and Futuna Islands,1990,Wallis and Futuna Islands1990,1402,1,0
Wallis and Futuna Islands,1995,Wallis and Futuna Islands1995,1704,1,0
Wallis and Futuna Islands,2000,Wallis and Futuna Islands2000,2015,1,0
Wallis and Futuna Islands,2005,Wallis and Futuna Islands2005,2191,1,0
Wallis and Futuna Islands,2010,Wallis and Futuna Islands2010,2111,1,0
Wallis and Futuna Islands,2015,Wallis and Futuna Islands2015,2050,1,0
Wallis and Futuna Islands,2020,Wallis and Futuna Islands2020,2040,1,0
Western Sahara,1990,Western Sahara1990,2688,1,0
Western Sahara,1995,Western Sahara1995,2989,1,0
Western Sahara,2000,Western Sahara2000,3289,1,0
Western Sahara,2005,Western Sahara2005,3891,1,0
Western Sahara,2010,Western Sahara2010,4493,1,0
Western Sahara,2015,Western Sahara2015,5179,1,0
Western Sahara,2020,Western Sahara2020,5424,1,0
Yemen,1990,Yemen1990,118863,482.2481211,-15.868
Yemen,1995,Yemen1995,136515,285.5695931,-55.482
Yemen,2000,Yemen2000,144940,554.4486653,-87.753
Yemen,2005,Yemen2005,171871,832.8441987,-51.36
Yemen,2010,Yemen2010,288394,1334.784902,-25.573
Yemen,2015,Yemen2015,379882,1601.807163,-38.355
Yemen,2020,Yemen2020,387113,631.68149,-86.1
Zambia,1990,Zambia1990,279463,408.7693313,-40.9
Zambia,1995,Zambia1995,244338,418.5150247,-45.408
Zambia,2000,Zambia2000,343703,345.6896207,-5.152
Zambia,2005,Zambia2005,252895,702.7411184,35.351
Zambia,2010,Zambia2010,149962,1489.459087,22.765
Zambia,2015,Zambia2015,132107,1338.290927,16.283
Zambia,2020,Zambia2020,187955,985.132436,9.015
Zimbabwe,1990,Zimbabwe1990,634621,841.9739583,2.355
Zimbabwe,1995,Zimbabwe1995,431226,623.2095851,-32.961
Zimbabwe,2000,Zimbabwe2000,410109,563.0575041,-137.321
Zimbabwe,2005,Zimbabwe2005,402226,476.5554025,-164.732
Zimbabwe,2010,Zimbabwe2010,398307,948.331481,-133.402
Zimbabwe,2015,Zimbabwe2015,400482,1445.069702,-59.918
Zimbabwe,2020,Zimbabwe2020,416141,1214.50982,-29.955